1 00634U 63031A   24151.99280722 -.00000026  00000-0  00000-0 0  9997
2 00634  31.5656 310.9306 0009391 184.4813 176.1855  1.00271964222878
1 00858U 64047A   24153.41927237  .00000100  00000-0  00000-0 0  9993
2 00858   5.1360  71.6982 0002432 106.1657  83.3612  1.00375282 45985
1 01317U 65028A   24153.46571687  .00000084  00000-0  00000-0 0  9994
2 01317   5.3345  70.8762 0004691 100.1139 111.2063  1.00345825119697
1 02608U 66110A   24152.97247403 -.00000270  00000-0  00000-0 0  9990
2 02608   3.0994  76.0940 0004233 157.3920 320.3297  1.00350059127311
1 02639U 67001A   24153.58290424 -.00000249  00000-0  00000-0 0  9999
2 02639   1.3340  83.7675 0004504 182.1372 339.1338  1.00233477111770
1 02717U 67026A   24152.94007668  .00000054  00000-0  00000-0 0  9991
2 02717   2.2431  69.5131 0015887 211.6011 315.8797  1.00230662116410
1 02969U 67094A   24153.46678015 -.00000218  00000-0  00000-0 0  9996
2 02969   2.1715  80.8993 0010347 112.4617 145.6991  1.00174575107832
1  3029U 67111A   24153.53244076 -.00000085  00000-0  00000+0 0  9999
2  3029   1.2543  86.2597 0018314  13.8802 236.9354  1.00271951207150
1 03431U 68081D   24153.39791330 -.00000277  00000-0  00000-0 0  9991
2 03431   1.2962 328.0112 0007646  15.6401 344.1536  1.00312294113306
1 03691U 69013A   24153.47313281 -.00000268  00000-0  00000-0 0  9999
2 03691   0.9672  72.6963 0017000 162.5196 137.9399  1.00419773106613
1 04068U 69069A   24153.56876737  .00000057  00000-0  00000-0 0  9994
2 04068   1.8701 268.6112 0003047 354.8758 265.7329  0.99487025 38905
1 04250U 69101A   24153.53317512 -.00000081  00000-0  00000-0 0  9990
2 04250   1.4933 276.6327 0021959 307.6404 112.5953  1.00267784127041
1 04297U 70003A   24153.39974076 -.00000192  00000-0  00000-0 0  9995
2 04297   0.8854 267.1010 0010102  87.2815 343.4801  0.99157818169468
1 04353U 70021A   24153.53413236 -.00000116  00000-0  00000-0 0  9996
2 04353   2.2536 284.4809 0002319 219.7734 198.1065  1.00274799118298
1 04376U 70032A   24153.30109186  .00000008  00000-0  00000-0 0  9993
2 04376   0.5428 121.5924 0001702 246.4219 351.9911  1.00251009 39877
1 04511U 70046B   24152.88590846 -.00000160  00000-0  00000-0 0  9998
2 04511   0.2413 260.8678 0030967 120.8795 338.3891  1.00396132 18051
1 04902U 71009A   24153.53326214 -.00000085  00000-0  00000-0 0  9997
2 04902   3.0464 269.8787 0005329 195.6337 232.0504  1.00271224111169
1 05587U 71095A   24153.53317512 -.00000080  00000-0  00000-0 0  9998
2 05587   3.5062 272.1933 0002259 309.4010 115.4076  1.00259346114544
1 05588U 71095B   24153.34118620  .00000073  00000-0  00000-0 0  9998
2 05588   3.4719 272.9656 0002885 104.3388   4.7083  1.00323879 39882
1 05709U 71116A   24153.42602160  .00000019  00000-0  00000-0 0  9993
2 05709   8.1943 297.9331 0012274 113.0479  68.3133  0.99615906111443
1 05775U 72003A   24153.46303817 -.00000078  00000-0  00000-0 0  9999
2 05775   8.4951 301.0208 0004624 142.2952 235.6930  0.99823609129958
1 05851U 72010A   24152.81924223  .00000104  00000-0  00000-0 0  9999
2 05851   1.5493 271.7849 0005680   0.7303 333.8352  0.99769019 18470
1  5854U 72010B   24153.43100487  .00000058  00000-0  00000+0 0  9996
2  5854   1.0231 266.8936 0063716 151.9280 209.1409  1.00673028 17370
1  6052U 72041A   24153.43616579 -.00000018  00000-0  00000+0 0  9992
2  6052   7.5620 294.4150 0003465 220.5765 139.4015  1.00090942114403
1 06380U 73013A   24153.56937654 -.00000099  00000-0  00000-0 0  9990
2 06380   2.2554 271.9183 0022193 228.3725  31.8455  1.00271587 18943
1 06437U 73023A   24153.59497757  .00000096  00000-0  00000-0 0  9998
2 06437   8.6605 302.3518 0010455  74.4685 293.7754  0.99799460 39718
1 06691U 73040A   24152.72274774 -.00000328  00000-0  00000-0 0  9994
2 06691   2.6868 262.9807 0003699  24.1808   0.4873  0.99826472 18499
1 06796U 73058A   24153.56345899  .00000065  00000-0  00000-0 0  9996
2 06796   8.9634 303.2171 0007152 179.6627  17.7612  0.99144030128252
1 07229U 74017A   24153.57181317 -.00000299  00000-0  00000-0 0  9998
2 07229   2.7382 272.7494 0038125  47.1691 225.7005  1.00786899114685
1 07250U 74022A   24153.46416948 -.00000125  00000-0  00000-0 0  9995
2 07250   8.8041 304.1909 0003501  67.0045 313.9401  0.99890952114888
1 07324U 74039C   24153.19502840  .00000029  00000-0  00000-0 0  9994
2 07324   4.6615 274.6979 0032780  59.8375 339.6275  1.00713371112115
1 07392U 74060A   24153.50350372 -.00000325  00000-0  00000-0 0  9999
2 07392   3.2864 271.0168 0009889 234.4744  31.5937  1.00245387126695
1 07466U 74075A   24153.43028878  .00000061  00000-0  00000-0 0  9998
2 07466   8.9301 305.6960 0006271 179.0234 156.4021  0.99848093130202
1 07544U 74093A   24153.43054677 -.00000213  00000-0  00000-0 0  9991
2 07544   9.5563 310.2098 0006091 164.1127  29.5374  0.99781849117768
1  7547U 74094A   24153.86723559  .00000152  00000-0  00000+0 0  9994
2  7547   5.4495 288.0426 0004934 176.2446 138.0334  1.00178550117268
1 07578U 74101A   24153.49384420  .00000107  00000-0  00000-0 0  9997
2 07578   6.4807 286.3722 0001766 156.8660  42.0686  0.99942888109740
1 07648U 75011A   24153.46200503 -.00000268  00000-0  00000-0 0  9991
2 07648   7.3444 291.4684 0012785 242.4430 358.0896  0.99510443128257
1 07790U 75038A   24153.52717056  .00000089  00000-0  00000-0 0  9991
2 07790   9.3128 308.5829 0003095 142.2607 213.9833  1.00042179122493
1 07815U 75042A   24152.56105427  .00000061  00000-0  00000-0 0  9990
2 07815   9.8218 311.6541 0011411 239.8258 120.0382  0.99259636114547
1  8132U 75077A   24153.66361227  .00000072  00000-0  00000+0 0  9996
2  8132   5.9543 284.3061 0002392  82.1970 313.9827  0.99979004135031
1 08330U 75091A   24153.23053362 -.00000087  00000-0  00000-0 0  9991
2 08330   9.4598 309.9548 0005723 205.1777 350.5680  0.99940311114015
1  8357U 75097A   24153.86673894  .00000156  00000-0  00000+0 0  9998
2  8357   4.2870 275.1751 0013568 165.0842 160.7400  1.00301286124278
1  8366U 75100A   24153.52688368 -.00000038  00000-0  00000+0 0  9998
2  8366   6.5047 286.7430 0001418 293.2804 105.9390  1.00313889177734
1  8476U 75117A   24153.59948346 -.00000281  00000-0  00000+0 0  9990
2  8476   9.5805 310.2233 0013812 245.3342  65.3147  0.99608940122204
1 08482U 75118A   24153.46190689 -.00000122  00000-0  00000-0 0  9998
2 08482   4.2132 273.6611 0030189   1.7055  37.1762  1.00492279 18965
1 08513U 75123A   24153.49645487 -.00000031  00000-0  00000-0 0  9992
2 08513   4.7305 278.4280 0006008 241.8560 338.8058  1.00249575187339
1 08516U 75118C   24152.65443839 -.00000156  00000-0  00000-0 0  9991
2 08516   4.1914 273.8767 0014511 189.6274 170.4701  1.00527800 18271
1 08585U 76004A   24153.49285646  .00000097  00000-0  00000-0 0  9998
2 08585   5.8487 282.5597 0014724 236.8340 130.4597  1.00307895114820
1 08620U 76010A   24153.33521720 -.00000270  00000-0  00000-0 0  9998
2 08620   9.5007 309.5826 0004254 251.4092 113.4832  0.99688677613181
1  8697U 76017A   24153.69615874 -.00000193  00000-0  00000+0 0  9995
2  8697   7.5824 300.4568 0014491 178.5402  16.9522  0.99209935174698
1 08746U 76023A   24153.24411542 -.00000093  00000-0  00000-0 0  9994
2 08746  20.9873  46.5676 0032962 132.2901  51.2928  1.00270620122202
1 08747U 76023B   24153.24552503 -.00000111  00000-0  00000-0 0  9999
2 08747  20.9481  46.5751 0023999 155.8527  31.1512  1.00268089122209
1 08808U 76035A   24153.24632681 -.00000250  00000-0  00000-0 0  9990
2 08808   6.6842 302.1114 0022029 307.1227 243.5836  0.99853528739820
1 08838U 76042A   24153.45647502 -.00000236  00000-0  00000-0 0  9996
2 08838   9.5543 310.2941 0000922 357.6355  36.4736  0.99820443113139
1 08916U 76059A   24153.26118389 -.00000259  00000-0  00000-0 0  9991
2 08916   5.2921 280.0402 0006521 200.5838 190.1961  0.99476316 18080
1  8918U 76059C   24153.77930011 -.00000346  00000-0  00000+0 0  9999
2  8918   4.6511 275.5218 0010127 231.6748 128.3399  1.00554836 17945
1 09009U 76066A   24153.23027256 -.00000063  00000-0  00000-0 0  9995
2 09009   9.4655 310.6184 0005969 185.5686   8.1162  1.00113092120479
1 09047U 76073A   24153.56145748  .00000125  00000-0  00000-0 0  9996
2 09047   9.4932 310.7014 0003299 151.2654  27.3854  0.99975974 39754
1 09416U 76092A   24153.49567168 -.00000006  00000-0  00000-0 0  9992
2 09416   5.4014 280.6807 0026829  18.9046 195.5150  1.00289169121862
1 09503U 76107A   24153.49654190 -.00000026  00000-0  00000-0 0  9990
2 09503   5.4903 281.0941 0071299 167.4239  50.5743  1.00221698191032
1 09852U 77014A   24152.92554550 -.00000061  00000-0  00000-0 0  9990
2 09852   7.1399 291.3606 0003297 166.8874 202.9877  0.99993747119769
1 09855U 77007C   24153.27163520 -.00000269  00000-0  00000-0 0  9997
2 09855   5.3201 279.6277 0014776  28.8767 331.2749  1.00296026 17882
1 09862U 77018A   24153.44264194 -.00000133  00000-0  00000-0 0  9995
2 09862  10.1287 315.6395 0006469 127.8203 230.6898  1.00028955135641
1 10024U 77041A   24153.22844508 -.00000254  00000-0  00000-0 0  9996
2 10024  10.3577 316.3893 0011853 239.1253 298.9305  0.99448277 39567
1 10061U 77048A   24153.26248924 -.00000260  00000-0  00000-0 0  9995
2 10061   8.1932 299.8770 0011329  45.6635 332.5163  0.99401109 38861
1 10143U 77065A   24153.69241677 -.00000253  00000-0  00000+0 0  9991
2 10143   8.3023 299.2032 0018035 216.3421 320.0285  0.99252865113810
1 10159U 77071A   24153.35902583 -.00000306  00000-0  00000-0 0  9998
2 10159   6.0316 283.6522 0008498 258.6122 296.1624  1.00336728169564
1 10294U 77080A   24153.49749914 -.00000103  00000-0  00000-0 0  9995
2 10294   8.8949 305.2783 0009384 147.4775  52.1064  1.00270460110441
1 10365U 77092A   24153.42837122 -.00000200  00000-0  00000-0 0  9997
2 10365   6.1459 284.5370 0030870 356.4426 211.4363  1.00224854127375
1 10489U 77108A   24153.29437355 -.00000321  00000-0  00000-0 0  9995
2 10489   6.9514 289.7472 0010395  92.4777 107.5290  1.00283181129732
1 10557U 78002A   24152.78452157 -.00000293  00000-0  00000-0 0  9993
2 10557  10.4091 317.8903 0002677 216.5824 145.8964  0.99919334 41296
1 10669U 78016A   24152.87549525 -.00000098  00000-0  00000-0 0  9991
2 10669   8.9152 298.7881 0007962 218.3283 331.3772  0.99002774747184
1 10778U 78035A   24153.19589861 -.00000043  00000-0  00000-0 0  9996
2 10778  10.2035 316.9781 0004772 275.5302  85.9645  1.00273518114689
1 10787U 78038A   24153.53317512 -.00000128  00000-0  00000-0 0  9993
2 10787   4.8459 317.3491 0010911 263.5711 116.0963  1.00498349 17776
1 10792U 78039A   24153.56215366  .00000142  00000-0  00000-0 0  9992
2 10792   7.3260 292.0783 0013759 289.5327 271.9751  1.00268906111288
1 10855U 78044A   24153.39327632 -.00000145  00000-0  00000-0 0  9993
2 10855   9.6163 309.6068 0005642 348.5091  22.5717  0.99137879196604
1 10953U 78062A   24153.43080785 -.00000137  00000-0  00000-0 0  9993
2 10953   8.5907 304.9770 0002127 163.3025  37.0350  0.99358348121125
1 10975U 78068A   24153.27722907 -.00000318  00000-0  00000-0 0  9995
2 10975  10.8814 320.2642 0019211 300.1633 236.5978  0.99201498 38794
1 10981U 78071A   24153.49584572  .00000083  00000-0  00000-0 0  9992
2 10981   7.4196 293.9079 0001943 359.8703 202.1402  0.99373957166588
1 10987U 78073A   24153.49523656  .00000027  00000-0  00000-0 0  9994
2 10987   6.6766 287.6690 0008727  21.8503 183.2343  1.00196902112128
1 11153U 78116A   24153.56337198  .00000113  00000-0  00000+0 0  9995
2 11153  10.8368 321.1723 0015894 309.6379 229.4027  0.99809803128599
1 11273U 79015A   24153.42906740 -.00000252  00000-0  00000-0 0  9993
2 11273   6.9922 290.0863 0038122 349.6172 216.5394  1.00314061127534
1 11343U 79035A   24153.42758801 -.00000176  00000-0  00000-0 0  9991
2 11343   7.1589 290.7933 0006124 189.3196   7.6148  1.00287067121873
1 11436U 79053C   24153.40725556 -.00000040  00000-0  00000-0 0  9993
2 11436   8.6243 301.1661 0057133 283.8185  75.5318  0.99442292 19125
1 11440U 79062A   24153.49523656  .00000015  00000-0  00000-0 0  9995
2 11440   7.5732 293.7210 0001605 314.3321 244.5330  1.00248132130544
1 11484U 79072A   24153.28816691 -.00000167  00000-0  00000-0 0  9994
2 11484  11.4577 326.2107 0001216 149.8075 228.3602  0.99957720133064
1 11561U 79087A   24153.42993762 -.00000274  00000-0  00000-0 0  9996
2 11561   7.4409 292.7753 0013752 160.3384  47.5448  1.00253162 39899
1 11567U 74017F   24153.69789920  .00000112  00000-0  00000+0 0  9997
2 11567   2.5912 272.0836 0044375  58.1209 174.8148  1.00998283185138
1 11568U 75123F   24153.19563755  .00000012  00000-0  00000-0 0  9998
2 11568   4.4705 276.9394 0017136 191.4962 208.8853  1.00483743114508
1 11581U 77092H   24153.29367737 -.00000337  00000-0  00000-0 0  9994
2 11581   6.0521 284.0619 0013653 195.0201   6.7048  1.00271438 96880
1 11648U 79105A   24153.56232771  .00000139  00000-0  00000-0 0  9993
2 11648   7.7470 295.3356 0012315 233.7316 325.2597  1.00249061115000
1 11669U 80004A   24153.39791330 -.00000292  00000-0  00000+0 0  9998
2 11669   7.7230 310.2547 0023690 219.8662 157.8721  1.00361394162478
1 11676U 75097F   24153.53799528  .00000020  00000-0  00000-0 0  9994
2 11676   4.2888 275.3851 0024925 198.8838 212.3078  1.00092479111672
1 11708U 80016A   24153.56250175  .00000138  00000-0  00000-0 0  9990
2 11708   7.5462 294.2674 0001927 217.3332 343.6112  1.00258318114685
1 11940U 73040B   24153.25144943 -.00000155  00000-0  00000-0 0  9998
2 11940   2.8769 264.5931 0029717  49.8361 310.6739  0.99558520 19200
1 11964U 80074A   24153.59193177 -.00000082  00000-0  00000-0 0  9998
2 11964   9.6099 308.8039 0033085  93.9321 251.0996  0.99233015120033
1 12003U 80081A   24153.56577279  .00000126  00000-0  00000-0 0  9995
2 12003   7.7506 296.4615 0008786 281.5231  82.3664  1.00201986115831
1 12065U 80091A   24153.26266328 -.00000262  00000-0  00000-0 0  9993
2 12065  11.2842 323.0344 0010801 156.7371 199.0962  0.99828936 39027
1 12120U 80104A   24153.49349611  .00000070  00000-0  00000-0 0  9998
2 12120   8.0324 297.7698 0005911  85.4245 100.0732  1.00298666119931
1 12309U 81018A   24152.99193746 -.00000055  00000-0  00000-0 0  9996
2 12309  10.1451 316.4590 0004511 110.6142 249.4048  1.00271892159964
1 12351U 81027A   24153.29424230 -.00000143  00000-0  00000-0 0  9990
2 12351   8.0904 296.9141 0080295 249.3327 150.8168  1.00355789115061
1 12447U 80081F   24153.65727191 -.00000188  00000-0  00000+0 0  9995
2 12447   7.9699 297.3844 0003779  61.4702 287.3086  0.99979087156973
1 12472U 81049A   24153.46215142  .00000080  00000-0  00000-0 0  9996
2 12472  10.6981 320.8296 0000802 203.6213 111.8658  1.00291034115366
1 12545U 81057B   24153.46995196 -.00000363  00000-0  00000-0 0  9995
2 12545   8.7449 303.2362 0028562 201.5927  33.4926  1.00039684114924
1 12564U 81061A   24153.42776205 -.00000175  00000-0  00000-0 0  9996
2 12564   8.2872 299.8764 0004244  85.3741 103.5034  1.00218899122036
1 12618U 81069A   24153.56215366  .00000138  00000-0  00000-0 0  9993
2 12618   8.3441 300.3224 0004113 162.9338  30.0697  1.00231571 39866
1 12677U 81076A   24153.42967655 -.00000130  00000-0  00000-0 0  9999
2 12677   9.5817 309.8383 0007446 301.4634 248.1073  0.99548812124807
1 12855U 81096A   24153.56772310 -.00000031  00000-0  00000-0 0  9996
2 12855  11.4498 326.5385 0006557 189.4303   7.6512  1.00107634111144
1 12897U 81102A   24153.49732510 -.00000100  00000-0  00000-0 0  9997
2 12897   8.4447 301.4279 0005154 199.3408   3.3898  1.00296471109866
1 12967U 81114A   24153.38662175 -.00000227  00000-0  00000-0 0  9995
2 12967  12.9619 337.1908 0000674 297.8757  32.9021  1.00099145120591
1 12994U 81119A   24153.63448584  .00000084  00000-0  00000+0 0  9993
2 12994  12.2919 332.0997 0038219 240.6427 311.1650  0.99464211119332
1 12996U 77092J   24153.59132262  .00000059  00000-0  00000-0 0  9991
2 12996   6.2185 284.7072 0015454 243.2006 122.3102  1.00054058 77050
1 13035U 82004A   24152.48532025 -.00000149  00000-0  00000-0 0  9994
2 13035  13.5415 340.8929 0043688 178.4764 181.5045  0.99587917117776
1 13056U 82009A   24153.44456509 -.00000271  00000-0  00000-0 0  9997
2 13056   8.7817 302.9003 0025462 320.8988 249.1458  0.99932710111165
1 13069U 82014A   24152.63384596  .00000105  00000-0  00000-0 0  9998
2 13069  13.4127 340.2765 0001611 194.8747 352.2004  0.99766779 38990
1 13083U 82017A   24153.56833227  .00000044  00000-0  00000-0 0  9992
2 13083  12.3906 332.5406 0013412 201.4680 352.9689  0.99221955134353
1 13129U 82031A   24153.46200508 -.00000365  00000-0  00000-0 0  9995
2 13129   8.8152 304.6289 0013445  94.3647 130.8055  1.00224766158952
1 13177U 82044A   24153.42715289 -.00000164  00000-0  00000-0 0  9992
2 13177   9.9972 304.5420 0009698 120.9353  59.9241  1.00281305126133
1 13269U 82058A   24153.39991480 -.00000232  00000-0  00000-0 0  9990
2 13269  13.8312 342.5180 0014432 247.4655 108.4921  0.99215949112132
1 13431U 82082A   24153.29759340 -.00000254  00000-0  00000-0 0  9998
2 13431  13.0489 338.2112 0002586 352.6790 175.8000  1.00141085 39139
1 13554U 82093A   24153.49767319 -.00000099  00000-0  00000-0 0  9990
2 13554   8.7505 305.5877 0024699 353.6343 206.8507  1.00205341112522
1 13624U 82103A   24153.26179304 -.00000232  00000-0  00000-0 0  9995
2 13624   8.9683 307.6266 0000408 207.8499 158.4849  1.00274058113475
1 13630U 82103E   24153.46295116 -.00000163  00000-0  00000-0 0  9997
2 13630   8.9274 307.5201 0014605 171.6583 199.4283  1.00401961114026
1 13631U 82105A   24153.52132639 -.00000119  00000-0  00000+0 0  9997
2 13631  12.9499 337.7576 0005788  88.9737 266.8293  1.00273726118888
1 13643U 82106D   24153.66561380  .00000007  00000-0  00000+0 0  9990
2 13643  10.8444 315.8985 0040392  52.5284 323.3949  0.99383768112362
1 13651U 82110B   24153.39362337 -.00000251  00000-0  00000-0 0  9998
2 13651  13.2953 339.6879 0010143 110.9255 229.5196  0.99925107 39084
1 13652U 82110C   24153.13035331  .00000077  00000-0  00000-0 0  9997
2 13652  13.2764 339.4967 0003805 118.4675  65.2985  0.99901554 39055
1 13782U 83006A   24153.29602698 -.00000333  00000-0  00000-0 0  9995
2 13782  11.5137 325.4976 0007076 310.1787 222.8269  0.99410098120435
1 13974U 83028A   24153.49567168 -.00000019  00000-0  00000-0 0  9997
2 13974   9.7415 311.9208 0002075 119.7031  63.2104  1.00262655161902
1 13983U 83028F   24153.56577279  .00000110  00000-0  00000-0 0  9990
2 13983   9.7731 311.9852 0026703 199.0922 152.4247  1.00049225150343
1 13984U 83030A   24152.26519687 -.00000138  00000-0  00000-0 0  9990
2 13984  13.8596 343.9572 0010715 115.5228 240.5408  0.99861326123014
1 14050U 83041A   24153.55466119  .00000013  00000-0  00000-0 0  9992
2 14050  11.3855 326.3038 0003515 166.7607 190.1611  1.00308843208531
1 14077U 83047A   24153.26687440 -.00000210  00000-0  00000-0 0  9997
2 14077  13.2851 338.7693 0035710 337.8065  24.9048  0.99164192116699
1 14114U 82044F   24153.29620104 -.00000277  00000-0  00000-0 0  9995
2 14114   9.8939 303.8991 0018445 178.1137  17.4688  1.00256440 39866
1 14117U 82009F   24153.56015214  .00000101  00000-0  00000-0 0  9994
2 14117   8.1879 300.5976 0041323 179.1206   2.6910  1.00983287115900
1 14133U 83059B   24152.40509933 -.00000228  00000-0  00000-0 0  9997
2 14133  13.6470 341.4547 0040057 105.2945 255.1194  0.99123653 38742
1 14134U 83059C   24153.53343618 -.00000104  00000-0  00000+0 0  9991
2 14134  12.5355 334.6928 0005457 116.3033 247.7809  1.00141120113360
1 14158U 83065A   24153.39921862 -.00000304  00000-0  00000-0 0  9994
2 14158  14.1358 347.2294 0002082 134.3916 212.9010  1.00124653 39158
1 14195U 81102F   24153.14108914 -.00000024  00000-0  00000-0 0  9992
2 14195   8.3505 301.0182 0011343 197.0016 162.9498  1.00219392115524
1 14234U 83077A   24152.79065164 -.00000169  00000-0  00000-0 0  9998
2 14234  14.3154 347.4668 0028393 148.6114 211.5300  0.99529589 38911
1 14318U 83089B   24152.69932853  .00000094  00000-0  00000-0 0  9997
2 14318  12.1952 332.1871 0010971 200.2492 347.8499  1.00300063117726
1 14328U 83094A   24152.01807663 -.00000260  00000-0  00000-0 0  9996
2 14328  14.7033 351.5072 0017373  68.6377 175.0411  0.99413871148126
1 14365U 83098A   24152.79945970  .00000044  00000-0  00000-0 0  9999
2 14365  14.1375 347.5506 0007641 101.2682 147.7292  1.00146263124754
1 14377U 83100A   24152.89177483 -.00000309  00000-0  00000-0 0  9998
2 14377   9.3504 310.1205 0001018 197.9480 162.0250  1.00245953 39899
1 14421U 83105A   24152.79719466 -.00000284  00000-0  00000-0 0  9997
2 14421  12.8731 336.3113 0007300 107.3000 246.7228  0.99701879129785
1 14548U 83118F   24153.56633074  .00000014  00000-0  00000+0 0  9996
2 14548   9.9869 316.1538 0044302 327.5652 232.8894  1.00247233130401
1 14659U 84005A   24153.46356031 -.00000026  00000-0  00000-0 0  9994
2 14659  12.1686 329.6630 0019091 190.5265 161.5684  0.99048735110927
1 14725U 84016A   24153.49871747 -.00000174  00000-0  00000-0 0  9993
2 14725  10.0221 316.0152 0005077 151.4034  43.9597  1.00295009110625
1 14783U 84022A   24153.49776022 -.00000126  00000-0  00000-0 0  9991
2 14783  10.8942 311.1882 0007187 227.0026 328.0959  1.00284490113543
1 14867U 84031A   24153.49671595 -.00000069  00000-0  00000-0 0  9999
2 14867  10.1148 316.6522 0021671   1.7848 182.0413  1.00260812 39891
1 14899U 84035A   24153.19850931  .00000046  00000-0  00000-0 0  9992
2 14899  10.7387 322.8655 0010293 165.8782 204.2041  1.00253933 39890
1 14940U 84041A   24153.43019868 -.00000302  00000-0  00000-0 0  9995
2 14940  10.1657 317.4592 0004636 236.9566 307.7424  1.00274893114464
1 14948U 84022F   24153.69702897 -.00000105  00000-0  00000+0 0  9991
2 14948  11.0366 311.5791 0024925 135.2849  53.4375  0.99878635154053
1 14951U 84031F   24153.31855116 -.00000282  00000-0  00000-0 0  9994
2 14951  10.5014 317.7904 0014360 225.6692 143.1400  0.99428324112390
1 14985U 84049A   24153.56388653  .00000045  00000-0  00000+0 0  9999
2 14985  14.6473 353.9719 0009192 203.8667 127.9681  0.99979508123842
1 15057U 84063A   24153.81507855  .00000093  00000-0  00000+0 0  9994
2 15057  10.1617 317.0190 0005497 179.3217  66.0839  1.00289961133603
1 15144U 84078A   24153.32966008 -.00000296  00000-0  00000-0 0  9999
2 15144  10.2832 318.4895 0000424 241.8725 121.2566  1.00324903147108
1 15152U 84080A   24153.32978623 -.00000296  00000-0  00000-0 0  9997
2 15152  11.7583 328.6866 0009160 128.6937 222.8525  0.99835300145195
1 15181U 84078F   24153.45061826 -.00000356  00000-0  00000-0 0  9995
2 15181  10.3548 318.8506 0024324 188.9340  12.6298  1.00221272115538
1 15237U 84093D   24153.16909207  .00000081  00000-0  00000-0 0  9990
2 15237  14.5368 350.9545 0006430 136.0158  47.1893  0.99776010 38995
1 15308U 84101A   24153.48000598 -.00000370  00000-0  00000-0 0  9991
2 15308  14.5129 350.6990 0005839  59.6346 140.0037  0.99841257 39036
1 15385U 84114A   24153.36833726 -.00000330  00000-0  00000-0 0  9990
2 15385  14.8223 357.6810 0010574  81.3875  88.7725  0.99765468119533
1 15484U 85007A   24153.56641777  .00000029  00000-0  00000-0 0  9991
2 15484  10.4991 320.5737 0003977 178.4939  17.2429  1.00153589145155
1 15545U 85010D   24152.67546998  .00000095  00000-0  00000-0 0  9996
2 15545  14.1553 319.9558 0025873 277.2268  82.4411  1.00811064 19393
1 15560U 85015A   24153.56746204 -.00000068  00000-0  00000-0 0  9990
2 15560  12.7364 336.4996 0030575 210.1807 335.5628  1.00396148118533
1 15561U 85015B   24153.16294352 -.00000289  00000-0  00000-0 0  9994
2 15561  14.5371 350.4357 0001714  33.5768 238.5672  0.99550889 38910
1 15574U 85016A   24153.26248924 -.00000225  00000-0  00000-0 0  9994
2 15574  10.4958 319.6384 0006184 216.5989 141.3231  1.00251922142974
1 15581U 85016F   24153.39999005 -.00000228  00000-0  00000-0 0  9992
2 15581  10.9805 321.3790 0025289 230.1125 140.7635  0.99405308114527
1 15642U 85028B   24150.83228391 -.00000207  00000-0  00000-0 0  9999
2 15642  14.9177 357.8355 0017783 127.2237  50.3998  0.99668717 38935
1 15677U 85035A   24152.60303994 -.00000117  00000-0  00000-0 0  9995
2 15677  14.6009 354.4047 0007875 100.7451 266.1337  1.00272605117729
1 15678U 85035B   24153.59602184  .00000101  00000-0  00000-0 0  9990
2 15678  11.3361 326.0218 0002471 133.1701 216.4429  1.00190453129537
1 15824U 85048B   24153.33265799 -.00000288  00000-0  00000-0 0  9993
2 15824  14.4420 348.4817 0006721 124.7631 222.6054  0.99471995109826
1 15825U 85048C   24153.50150219 -.00000320  00000-0  00000-0 0  9990
2 15825  13.1749 339.4937 0013283  24.2499 162.7154  1.00435808127941
1 15826U 85048D   24153.70172818  .00000046  00000-0  00000+0 0  9995
2 15826  14.5708 351.8917 0003297 163.6753  10.0798  0.99879110122010
1 15873U 85055A   24153.11924471 -.00000020  00000-0  00000-0 0  9994
2 15873  13.8373 344.2294 0016139  89.6213 102.8246  1.00077572117043
1 15946U 85070A   24153.33344118 -.00000238  00000-0  00000-0 0  9991
2 15946  10.7252 321.8629 0002054 185.6616 193.0005  1.00272838114756
1 15993U 85076B   24153.56728800  .00000043  00000-0  00000+0 0  9990
2 15993  13.9316 344.2849 0002548  67.9207 108.8388  0.99755369112144
1 15994U 85076C   24153.46634503 -.00000249  00000-0  00000-0 0  9996
2 15994  14.2770 348.9408 0006329  99.1071 248.4173  1.00274502110499
1 16101U 85087A   24152.63602153  .00000057  00000-0  00000-0 0  9999
2 16101  14.5672 349.2165 0006296 310.6324 239.5798  0.99112010122920
1 16116U 85092B   24153.36955557 -.00000313  00000-0  00000-0 0  9997
2 16116  14.7028 352.9588 0004780 145.5318  36.9840  0.99329143 18510
1 16199U 85102A   24153.49976174 -.00000230  00000-0  00000-0 0  9990
2 16199  10.9693 323.8354 0006600 185.7061   7.5240  1.00308342144192
1 16214U 85102D   24153.50037090 -.00000308  00000-0  00000-0 0  9991
2 16214  10.7217 323.0265 0022893 141.3624  55.6179  1.00636394117341
1 16250U 85107A   24153.82063292  .00000054  00000-0  00000+0 0  9990
2 16250  10.8779 323.3450 0014402 201.6642  35.9227  1.00169085144333
1 16274U 85109B   24153.33970682 -.00000133  00000-0  00000-0 0  9994
2 16274  14.7447   2.2965 0007534 123.1821 249.7789  0.99568329 38930
1 16275U 85109C   24153.11924471 -.00000020  00000-0  00000-0 0  9991
2 16275  13.9549 345.5867 0000523 290.3613 263.7429  0.99935061 39070
1 16276U 85109D   24153.11924471 -.00000021  00000-0  00000-0 0  9993
2 16276  14.8565 358.0351 0006433 235.2855 312.7064  0.99604240118168
1 16482U 86003B   24153.56833227  .00000029  00000-0  00000-0 0  9990
2 16482  14.8765 356.7331 0005124 139.5116  29.9082  0.99551110117022
1 16526U 86010A   24153.56772310 -.00000038  00000-0  00000+0 0  9992
2 16526  11.7350 328.6477 0002175 187.9381   7.0963  1.00211249147971
1 16597U 86016A   24153.29924682 -.00000288  00000-0  00000-0 0  9995
2 16597  13.1376 337.4563 0014736 190.6120 347.8362  0.99294799120714
1 16649U 86026A   24153.81507855 -.00000013  00000-0  00000+0 0  9996
2 16649  14.5867 351.4625 0004334  79.0464 128.6209  0.99800613109249
1 16650U 86026B   24152.78916341  .00000081  00000-0  00000+0 0  9991
2 16650  14.7502 356.0217 0001900  64.0849 172.1499  0.99636027119280
1 16667U 86027A   24153.29637507 -.00000277  00000-0  00000-0 0  9990
2 16667  11.5408 323.3223 0015725 128.5600  48.1327  1.00260673139875
1 16769U 86044A   24153.45398413 -.00000366  00000-0  00000-0 0  9999
2 16769  11.2447 326.1047 0001562 248.3012 307.9258  1.00254958139783
1 17125U 86090D   24152.06893835  .00000080  00000-0  00000-0 0  9993
2 17125  11.4932 327.7635 0011690 158.3392 201.6744  1.00178389137371
1 17561U 87022A   24152.76843463 -.00000040  00000-0  00000-0 0  9999
2 17561  13.6094 342.9802 0004190  81.7756 109.4166  0.99906570119509
1 17705U 87028D   24153.54910390  .00000033  00000-0  00000-0 0  9997
2 17705  12.3402 326.4609 0027621 102.6464 258.1684  0.99865463137022
1 17706U 87029A   24153.17161573  .00000036  00000-0  00000-0 0  9992
2 17706  14.6706 353.8333 0004567  84.9509 109.1360  0.99904733 35071
1 17872U 76092F   24153.49480146  .00000046  00000-0  00000-0 0  9990
2 17872   5.3849 281.0222 0018638 176.2895  32.6295  1.00231926111449
1 17873U 79035E   24153.39877883 -.00000277  00000-0  00000-0 0  9995
2 17873   7.0906 290.4471 0028345 225.9405 174.5613  1.00152998177700
1 17874U 84016F   24153.49749914 -.00000124  00000-0  00000-0 0  9996
2 17874  10.0241 316.0908 0037306 205.5728 343.2810  1.00328098115371
1 17939U 79087C   24153.58906003  .00000048  00000-0  00000-0 0  9998
2 17939   7.1904 291.6148 0035583 334.4392  12.2399  1.00461903 39940
1 18316U 87070A   24153.46730229 -.00000153  00000-0  00000-0 0  9999
2 18316  13.5547 340.5620 0007262  80.2175 281.2206  0.99331172121433
1 18384U 87084A   24153.13202043  .00000125  00000-0  00000-0 0  9999
2 18384  11.8555 331.0964 0003702 169.2773 193.9007  1.00364046134218
1 18387U 87084D   24153.19659480 -.00000058  00000-0  00000-0 0  9995
2 18387  11.9914 331.6697 0028642 225.4549 125.0136  1.00057966141303
1 18443U 87091A   24153.59610887  .00000100  00000-0  00000-0 0  9995
2 18443  11.8249 330.5809 0002932  64.6862 280.7451  1.00353411113339
1 18446U 87091D   24153.46443054 -.00000178  00000-0  00000-0 0  9990
2 18446  11.8522 330.7558 0020689 238.6901 116.7824  1.00152928122528
1 18575U 87096A   24153.50115410 -.00000284  00000-0  00000-0 0  9993
2 18575  12.0550 331.9396 0009900 117.6807  74.9555  1.00300968133710
1 18578U 87096D   24153.32966008 -.00000262  00000-0  00000-0 0  9999
2 18578  11.8646 331.2459 0022137 220.7720 134.6031  1.00563318130525
1 18631U 87100A   24153.40079847 -.00000302  00000-0  00000-0 0  9995
2 18631  12.3778 330.6836 0003052 154.8128 208.3977  1.00224853133612
1 18718U 87109D   24152.69889341  .00000116  00000-0  00000-0 0  9990
2 18718  11.9161 331.7979 0064154 258.8983 288.0336  1.00830491124539
1 18922U 88014A   24153.57050782 -.00000192  00000-0  00000+0 0  9994
2 18922  13.8697 345.1514 0007945 143.6447  49.6160  1.00300272132620
1 18951U 88018A   24152.76921784 -.00000058  00000-0  00000-0 0  9991
2 18951  14.5703   5.2630 0001082 160.3644  12.4115  0.99665653117177
1 19073U 88034A   24153.30037811 -.00000028  00000-0  00000-0 0  9992
2 19073  12.0007 331.7394 0018643 271.5000 278.8999  1.00654670113847
1 19076U 88034D   24153.46660611 -.00000231  00000-0  00000-0 0  9998
2 19076  12.2789 332.7046 0025999 168.0625 197.6841  1.00087296131645
1 19217U 88051C   24153.54563238 -.00000171  00000-0  00000-0 0  9993
2 19217  14.2578  10.1162 0002589  71.8203 106.8260  0.99389589140766
1 19330U 88063A   24153.56781013 -.00000046  00000-0  00000+0 0  9997
2 19330  12.3249 332.9338 0011700 131.4525  59.5703  1.00231165112732
1 19344U 88066A   24153.49836937 -.00000150  00000-0  00000-0 0  9990
2 19344  12.4076 334.7871 0007081 137.5561  36.7384  1.00264803131538
1 19397U 88071A   24153.32966008 -.00000299  00000-0  00000-0 0  9993
2 19397  12.4749 334.8887 0013795  80.7001 270.2483  0.99981956130770
1 19400U 88071D   24153.46289644 -.00000374  00000-0  00000-0 0  9991
2 19400  12.2151 334.1533 0019532 211.1183 348.3704  1.00547842125207
1 19483U 88081A   24153.53308809 -.00000110  00000-0  00000-0 0  9994
2 19483  12.3530 324.3346 0008752 175.2319 197.4984  1.00272629127120
1 19484U 88081B   24153.20616729  .00000100  00000-0  00000-0 0  9990
2 19484  14.4315   6.4891 0003366 330.2849  38.3733  0.99786229 39024
1 19508U 88086A   24153.30586053 -.00000088  00000-0  00000-0 0  9995
2 19508  14.9893 359.3116 0002174   1.1542 191.5184  0.99226451129856
1 19548U 88091B   24151.89848609 -.00000302  00000-0  00000-0 0  9994
2 19548  13.1761 346.0464 0034914 342.7979 194.5435  1.00277436117894
1 19550U 88091D   24153.23340537  .00000079  00000-0  00000-0 0  9994
2 19550  13.1071 336.5251 0016716 282.2612 262.4042  1.00459051122611
1 19596U 88095A   24152.95750368  .00000111  00000-0  00000-0 0  9990
2 19596  12.4816 335.2726 0008096 164.1106 118.3730  1.00327828114161
1 19621U 88098A   24152.70280943  .00000015  00000-0  00000-0 0  9995
2 19621  14.9470 355.9299 0009148 227.3141 316.1546  0.99193941126448
1 19687U 88109A   24152.26519687 -.00000164  00000-0  00000-0 0  9997
2 19687  13.8111 342.3351 0001063 221.6245 135.9308  0.99677598110710
1 19710U 88111A   24153.20364365  .00000117  00000-0  00000-0 0  9990
2 19710  14.4470 351.2059 0007564 144.7276 224.9267  1.00282122123363
1 19765U 89004A   24153.19059685  .00000045  00000-0  00000-0 0  9996
2 19765  13.1058 338.3460 0023035 149.6156  64.7091  0.99064743128189
1 19772U 89006A   24151.90396450 -.00000246  00000-0  00000-0 0  9991
2 19772  14.9805 359.7779 0025392 102.5320  97.7301  0.99106148117213
1 19874U 89020A   24152.07340912 -.00000142  00000-0  00000-0 0  9996
2 19874  14.9513 358.8036 0006011 123.2173  69.8398  0.99531941121350
1 19913U 89021D   24153.70120605  .00000120  00000-0  00000+0 0  9991
2 19913   9.9237 324.5522 0027081 173.2750  25.2979  1.00606770118158
1 19919U 89027A   24153.40383082 -.00000274  00000-0  00000-0 0  9992
2 19919  15.0343 357.9587 0007665 133.8330 228.8356  0.99176549109819
1 19928U 89030A   24153.56432922  .00000086  00000-0  00000-0 0  9991
2 19928  12.6732 337.1092 0021809 180.4457 347.3478  1.00196065127370
1 20040U 89041A   24153.55647731 -.00000250  00000-0  00000+0 0  9998
2 20040  13.0409 337.5242 0006938 102.9466 168.1257  0.99757040127017
1 20041U 89041B   24153.18734549 -.00000002  00000-0  00000-0 0  9998
2 20041  14.3466 352.2531 0009529 289.8003 262.1676  1.00665928116981
1 20107U 89052A   24153.40165525 -.00000275  00000-0  00000-0 0  9992
2 20107  13.1870 339.5635 0033730 331.8418  37.1380  0.99402803127007
1 20168U 89062A   24153.10813292 -.00000136  00000-0  00000-0 0  9994
2 20168  14.7100   1.4292 0007248 142.7720  52.5367  0.99842485127056
1 20193U 89067A   24153.28989634 -.00000105  00000-0  00000-0 0  9996
2 20193  14.6774   5.8836 0007664  56.1413 122.2981  0.99188432 39426
1 20203U 89069B   24153.28005990 -.00000035  00000-0  00000-0 0  9996
2 20203  14.4285   9.5364 0010512  22.2397 162.4453  0.99119810 17599
1 20253U 89077A   24153.52844510 -.00000371  00000-0  00000-0 0  9999
2 20253  12.6392 355.6547 0005684  66.2446 144.5277  1.00277901253145
1 20263U 89081A   24153.13297769  .00000117  00000-0  00000-0 0  9997
2 20263  12.8968 338.6743 0003819 220.3271 140.3344  1.00230610 39869
1 20266U 89081D   24153.19798716  .00000074  00000-0  00000-0 0  9996
2 20266  12.7170 338.0827 0029555 109.8965 242.0158  1.00601326111847
1 20315U 89087A   24153.16646691 -.00000008  00000-0  00000-0 0  9996
2 20315  13.9057  12.8170 0005027 164.7585  31.7904  0.99004609123936
1 20367U 89098A   24153.50254646 -.00000325  00000-0  00000-0 0  9990
2 20367  13.3108 339.1976 0002105 189.5984   3.4613  1.00239360125498
1 20391U 89101A   24153.26388160 -.00000184  00000-0  00000-0 0  9997
2 20391  13.0350 339.4855 0004848 143.3687 201.8974  1.00263794126385
1 20410U 90002B   24153.23622757  .00000049  00000-0  00000-0 0  9990
2 20410  11.2668 355.9996 0006168  76.4003 140.5145  0.99591531110992
1 20473U 90011A   24153.50202432 -.00000312  00000-0  00000-0 0  9997
2 20473  14.5197 352.0682 0006508 131.1327  45.8973  1.00266636125563
1 20499U 90016A   24153.22725375  .00000059  00000-0  00000-0 0  9992
2 20499  13.1047 339.9697 0005914 166.5441  48.0192  1.00362515125425
1 20502U 90016D   24153.30290177 -.00000043  00000-0  00000-0 0  9997
2 20502  13.2286 340.4495 0040077 221.2779 334.2903  1.00039309125300
1 20523U 90021A   24153.29647164  .00000069  00000-0  00000-0 0  9993
2 20523  13.5388  14.5885 0007519  65.8556 147.8773  0.99477993117980
1 20558U 90030A   24153.50428691 -.00000201  00000-0  00000-0 0  9996
2 20558  14.8219   4.6131 0001629  65.7297 110.8617  0.99242141 38812
1 20570U 90034A   24153.23353721  .00000068  00000-0  00000-0 0  9995
2 20570  14.5007   8.4824 0012807 121.7960  74.1188  0.99525068 38861
1 20643U 90051A   24153.57033378 -.00000176  00000-0  00000-0 0  9996
2 20643  14.6931 359.6510 0018540 164.2283  13.3992  1.00268594111278
1 20659U 90054A   24153.49932663 -.00000210  00000-0  00000-0 0  9991
2 20659  13.4140 341.4156 0006933 194.0781 338.9128  1.00317959124211
1 20662U 90054D   24153.08098971 -.00000045  00000-0  00000-0 0  9991
2 20662  13.2725 340.8771 0016272  93.6771 266.4742  1.00520031124290
1 20693U 90061A   24153.56815823 -.00000070  00000-0  00000-0 0  9997
2 20693  13.3895 341.8041 0009187  46.1781 137.4983  1.00268219124027
1 20696U 90061D   24153.56955059 -.00000121  00000-0  00000-0 0  9993
2 20696  13.3560 341.6865 0033622 193.6096 358.2559  1.00175136122923
1 20706U 90063B   24153.27296598  .00000019  00000-0  00000-0 0  9996
2 20706  14.2994   9.1356 0003532 242.0787 123.8537  0.99549407115501
1 20762U 90074A   24152.90627828 -.00000256  00000-0  00000-0 0  9997
2 20762  14.1855  12.0911 0002027 148.9412  36.7818  0.99211656 38808
1 20776U 90079A   24153.70390375  .00000120  00000-0  00000+0 0  9998
2 20776  13.5799 354.9079 0002244  71.8511 110.6855  1.00270164123463
1 20777U 90079B   24152.07340912 -.00000101  00000-0  00000-0 0  9991
2 20777  14.8308   3.5636 0002979 186.4904 358.7368  0.99343738103348
1 20836U 74060F   24153.57137806 -.00000173  00000-0  00000-0 0  9990
2 20836   3.2628 270.3415 0018364 197.7289  74.7155  1.00178757 38522
1 20837U 81057F   24153.66300311 -.00000072  00000-0  00000+0 0  9995
2 20837   9.2754 304.8121 0078801 188.4009 184.0550  0.99368194111984
1 20873U 90091B   24153.41854899 -.00000245  00000-0  00000-0 0  9994
2 20873  13.5246  15.3679 0003500 167.0602 197.5705  0.99768166 39013
1 20923U 90094A   24153.82063292  .00000079  00000-0  00000+0 0  9990
2 20923  13.4470 342.1549 0005504 216.9832   3.2001  1.00332150122961
1 20926U 90094D   24153.23166493  .00000069  00000-0  00000-0 0  9995
2 20926  13.2213 341.4593 0037384 135.7536  33.8373  1.00853627123709
1 20932U 90095D   24153.13967855  .00000058  00000-0  00000+0 0  9990
2 20932  14.3767 347.5966 0005626  59.0922 300.9333  0.99252861 18307
1 20945U 90100A   24153.40635448 -.00000262  00000-0  00000-0 0  9990
2 20945  12.7648  20.4012 0015090  19.3194 333.6507  0.99187686119586
1 20946U 90100B   24153.10813292 -.00000073  00000-0  00000-0 0  9993
2 20946  13.7695  15.4422 0004411   0.6900 185.2452  0.99142752 39410
1 20953U 90102A   24152.94054767 -.00000021  00000-0  00000-0 0  9991
2 20953  13.4180 342.5944 0001757  16.7754 230.8942  1.00263127122880
1 21016U 90112A   24152.88001528  .00000067  00000-0  00000-0 0  9992
2 21016  13.5071 343.2388 0006645 115.1175 161.1589  1.00270354122774
1 21019U 90112D   24153.43550706 -.00000377  00000-0  00000-0 0  9999
2 21019  13.5629 343.3997 0028589 160.3048  26.6158  1.00028191112478
1 21038U 90116A   24152.02810021 -.00000039  00000-0  00000-0 0  9992
2 21038  13.5474 343.2961 0007883 125.2387 218.9524  1.00216752 39841
1 21055U 91003A   24149.89756792 -.00000276  00000-0  00000-0 0  9995
2 21055  14.7288 357.1982 0014738  53.2025 126.3125  0.99973468109599
1 21111U 91010A   24153.56989867 -.00000156  00000-0  00000-0 0  9993
2 21111  13.7453 348.0555 0007085 150.3437  36.8072  1.00265442121963
1 21129U 91010F   24153.27804661  .00000088  00000-0  00000-0 0  9991
2 21129  13.6692 347.6350 0017618 201.2359   0.4563  1.00131857122208
1 21132U 91014A   24153.45645814 -.00000369  00000-0  00000-0 0  9995
2 21132  14.0372 342.5492 0003276 124.9844  58.5716  1.00200998121833
1 21222U 91026A   24153.50950495 -.00000305  00000-0  00000-0 0  9998
2 21222  13.4862  17.6839 0006903  46.1954 146.0993  0.99130548109670
1 21227U 91028A   24153.00882881 -.00000259  00000-0  00000-0 0  9991
2 21227  13.1187  19.1289 0004135 333.0713 202.9618  0.99568187118944
1 21392U 91037A   24152.97308319 -.00000248  00000-0  00000-0 0  9996
2 21392  14.3657  10.7112 0002359 207.8697 339.1823  0.99018679119341
1 21536U 91046D   24153.30063918  .00000012  00000-0  00000-0 0  9995
2 21536  13.4655 344.0349 0015233 217.6683 321.7607  1.00924051116272
1 21639U 91054B   24153.40137035 -.00000307  00000-0  00000-0 0  9999
2 21639  14.1652 359.2269 0002274 238.1125  95.4593  1.00274863120239
1 21641U 91054D   24153.28521786  .00000036  00000-0  00000-0 0  9996
2 21641  14.5716 339.1596 0033662 330.4846 227.0492  1.00233587 39887
1 21653U 91055A   24153.59181306 -.00000291  00000-0  00000-0 0  9998
2 21653  12.8060  22.7954 0002589 118.7556  85.1805  0.99326753119521
1 21702U 91064A   24153.19911847  .00000050  00000-0  00000-0 0  9992
2 21702  13.7434 344.7122 0000670 156.9197 194.0597  1.00213444119858
1 21703U 91064B   24153.43521507 -.00000300  00000-0  00000-0 0  9999
2 21703  13.9267 345.3688 0002880  78.2341 290.4530  0.99893455112709
1 21726U 91067A   24153.47635265 -.00000270  00000-0  00000-0 0  9994
2 21726  13.5209  17.9063 0008870 322.3480  50.6422  0.99178177109908
1 21762U 91074D   24153.46782442 -.00000219  00000-0  00000-0 0  9994
2 21762  14.0022 346.7401 0003891 150.9218 207.7692  0.99702283112233
1 21765U 91075A   24153.17709609 -.00000071  00000-0  00000-0 0  9996
2 21765  12.6476  22.1258 0001871  52.3915 143.2083  0.99586485118949
1 21789U 91079A   24153.63761866  .00000033  00000-0  00000+0 0  9996
2 21789  13.8298 345.8177 0003007  59.9807 134.6456  1.00155765124223
1 21803U 91083A   24151.96949316 -.00000251  00000-0  00000-0 0  9994
2 21803  14.5935   7.1785 0002915 104.6950  73.8949  0.99298883114140
1 21805U 91080B   24152.63306275  .00000045  00000-0  00000-0 0  9999
2 21805  14.4098 350.8715 0007424 100.3938  71.2806  0.99184619 18307
1 21821U 91087A   24153.50280753 -.00000345  00000-0  00000-0 0  9997
2 21821  13.9234 346.5208 0007536 147.0192  39.7452  1.00340635118845
1 21873U 92006A   24153.50446095 -.00000173  00000-0  00000-0 0  9998
2 21873  14.5864   8.1813 0002795 352.9247 180.8967  0.99038833 17805
1 21893U 92010A   24153.54109418 -.00000176  00000-0  00000-0 0  9997
2 21893  14.2003  11.7174 0016461 109.5416 259.0803  0.99054345116936
1 21906U 92013A   24152.82827054  .00000036  00000-0  00000-0 0  9992
2 21906  12.6843  23.5791 0017294  77.5592 123.1934  0.99287183 38831
1 21922U 92017A   24153.46676978 -.00000354  00000-0  00000-0 0  9996
2 21922  14.0322 347.9986 0028153 100.0155  88.6786  0.99851337117497
1 21939U 92021A   24153.10813292 -.00000123  00000-0  00000-0 0  9996
2 21939  14.2720   9.1992 0020243  80.2694 113.1707  0.99510684109969
1 21964U 92027A   24153.40992263  .00000094  00000-0  00000-0 0  9995
2 21964  12.4887  22.5032 0004182  50.7325 169.8899  0.99942056 39731
1 22027U 92041A   24152.77340956  .00000037  00000-0  00000-0 0  9994
2 22027  14.6554 357.5407 0005552 254.9597 287.8927  1.00202181116577
1 22028U 92041B   24153.13767691  .00000051  00000-0  00000-0 0  9991
2 22028  14.3982  10.9122 0004814 225.5195 128.1636  0.99073885 39350
1 22041U 92043A   24152.26824266 -.00000122  00000-0  00000-0 0  9993
2 22041  14.2632 350.1129 0031841 250.4518 115.7712  0.99245977116062
1 22087U 92054A   24152.97673814 -.00000260  00000-0  00000-0 0  9997
2 22087  11.9586  29.3453 0011671  92.5108  95.3933  0.99207573127305
1 22096U 92057A   24153.40487556 -.00000059  00000-0  00000-0 0  9991
2 22096  13.0285  21.4376 0002516  37.4449 177.8688  0.99018198117524
1 22112U 92059A   24153.60141726 -.00000027  00000-0  00000+0 0  9994
2 22112  14.0904 348.1845 0006373 326.8966  29.6902  1.00379952116170
1 22115U 92059D   24152.76791250 -.00000078  00000-0  00000-0 0  9993
2 22115  14.2967 348.9856 0008535 318.8973 223.5978  0.99800765114832
1 22116U 92060A   24152.77448175  .00000043  00000-0  00000-0 0  9993
2 22116  13.6800  15.6113 0002605   6.5369 184.6467  0.99315596112086
1 22175U 92066A   24153.33970682 -.00000111  00000-0  00000-0 0  9997
2 22175  13.8472  12.4716 0003700 105.1855 256.8148  0.99736617113119
1 22205U 92072A   24153.33846125  .00000047  00000-0  00000-0 0  9999
2 22205  14.2536   8.7830 0008501  52.6554 151.7104  0.99705487109447
1 22210U 92074A   24153.58543594 -.00000045  00000-0  00000-0 0  9997
2 22210  14.1318 349.7838 0006160 158.5490  19.1333  1.00323991 39891
1 22245U 92082A   24153.18189894  .00000088  00000-0  00000-0 0  9995
2 22245  14.1684 349.5239 0011013  25.3549 157.5199  1.00165080119649
1 22253U 92084A   24153.57724778 -.00000218  00000-0  00000-0 0  9991
2 22253  11.6602  27.2713 0013701 143.8360  43.6634  0.99119077114422
1 22269U 92088A   24152.94047706 -.00000021  00000-0  00000-0 0  9993
2 22269  13.9534 353.3372 0004026 217.0861  20.6023  1.00243550114606
1 22272U 92088D   24153.52861872 -.00000378  00000-0  00000-0 0  9995
2 22272  14.0393 353.7725 0011910 137.7120  70.5687  1.00063142 39824
1 22314U 93003B   24153.47330685 -.00000301  00000-0  00000-0 0  9993
2 22314  14.1629   2.5314 0010776 147.7241 224.5963  1.00267180114933
1 22316U 93003D   24153.82063292 -.00000006  00000-0  00000+0 0  9992
2 22316  12.3124 348.8147 0071043 108.8764  95.3283  1.00133987119714
1 22557U 93013A   24153.57007272 -.00000143  00000-0  00000-0 0  9991
2 22557  14.2466 350.6723 0007243 143.3899  42.2344  1.00159657114206
1 22563U 93015A   24152.96646602  .00000054  00000-0  00000-0 0  9998
2 22563  23.9967  84.0676 0004293 279.3556 268.5837  0.99251782117294
1 22694U 93039A   24153.13924331 -.00000100  00000-0  00000+0 0  9999
2 22694  14.6092   0.7933 0013880  44.2673 328.6801  1.00265619111512
1 22719U 93046A   24153.35055868  .00000025  00000-0  00000-0 0  9995
2 22719  13.2557  19.4116 0004605  82.4248 133.9540  0.99049155 17804
1 22723U 93048A   24153.40539723 -.00000272  00000-0  00000-0 0  9990
2 22723  13.1146  18.3674 0007309  26.2218 323.5766  0.99728440112394
1 22724U 93048B   24153.33874956 -.00000111  00000-0  00000-0 0  9995
2 22724  14.2175   8.1272 0015555 190.7826 169.7628  0.99986474113126
1 22787U 93056A   24152.77261171  .00000122  00000-0  00000-0 0  9990
2 22787  11.6523   7.4617 0004432  55.9381 133.1611  1.00272631111062
1 22796U 93058B   24152.60286590 -.00000114  00000-0  00000-0 0  9998
2 22796  14.5990   1.2532 0050815  65.9538 293.6730  1.00273679119415
1 22836U 93062A   24153.57007272 -.00000163  00000-0  00000+0 0  9996
2 22836  14.3542 352.6917 0000962 311.6635 231.5327  1.00265040112293
1 22839U 93062D   24153.57033378 -.00000150  00000-0  00000-0 0  9992
2 22839  14.2972 352.4313 0011614  84.6561 100.1348  1.00152698111388
1 22871U 93066A   24153.60963383 -.00000228  00000-0  00000+0 0  9999
2 22871   9.2586  52.5392 0005083  40.1755 183.2266  0.99323920111633
1 22880U 93069A   24153.23030583  .00000073  00000-0  00000-0 0  9996
2 22880  14.4264 353.4953 0034291 150.3526  56.9258  0.99650288111696
1 22883U 93069D   24153.63570417  .00000047  00000-0  00000+0 0  9998
2 22883  14.2149 352.2705 0005262  72.7610 104.5839  1.00497838111562
1 22907U 93072A   24152.63515130  .00000066  00000-0  00000-0 0  9991
2 22907  14.3217 352.8802 0008985 359.4431 181.8563  1.00115492111690
1 22911U 93073A   24153.11368733 -.00000141  00000-0  00000-0 0  9991
2 22911  14.1541   7.9316 0003673 194.1706 347.5077  1.00273247110388
1 22916U 93074B   24152.90728437 -.00000367  00000-0  00000-0 0  9994
2 22916  14.3126 347.6309 0064923  90.9046 269.8134  0.99991597 18441
1 22927U 93077A   24153.53439344 -.00000157  00000-0  00000-0 0  9992
2 22927  14.6517 356.5526 0011623 118.6217 228.3407  1.00282573111095
1 22931U 93078B   24152.71073983  .00000037  00000-0  00000-0 0  9996
2 22931  10.6224  40.2983 0003256 151.1859  30.4731  0.99179462 38765
1 22963U 94002A   24152.63763137 -.00000316  00000-0  00000-0 0  9998
2 22963  14.6190 359.5232 0010714 195.5196  21.1025  1.00343026111220
1 22966U 94002D   24152.78765417  .00000072  00000-0  00000+0 0  9997
2 22966  14.3909 349.5521 0045186 128.1554 117.2542  0.99464269109643
1 22981U 94008A   24153.50124112 -.00000289  00000-0  00000-0 0  9994
2 22981  14.4690 353.8163 0003765 132.3914  38.2005  1.00312921111001
1 22988U 94009A   24153.15743799 -.00000201  00000-0  00000-0 0  9995
2 22988  16.4855  35.6241 0001980  29.3515 151.8542  1.00271759 25481
1 22989U 94009B   24153.11902805 -.00000341  00000-0  00000+0 0  9991
2 22989  15.8697  30.1838 0011847 209.6928 150.2114  1.00602630 17761
1 23010U 94012A   24153.63483394  .00000099  00000-0  00000+0 0  9994
2 23010  14.4345 353.8234 0004938 125.7765  45.2179  1.00251195110862
1 23016U 94013A   24153.30822049  .00000052  00000-0  00000-0 0  9999
2 23016  11.9994  27.5538 0001591  57.0063 158.2037  0.99218900 38784
1 23108U 94030A   24153.26791867 -.00000038  00000-0  00000-0 0  9993
2 23108  14.3621 353.7727 0002264 201.5499 151.5853  1.00247397109978
1 23118U 93073E   24153.56824524 -.00000015  00000-0  00000-0 0  9995
2 23118  14.5447 352.7193 0070087  92.4969  80.0192  0.99975906 39751
1 23132U 94035A   24153.43776965 -.00000340  00000-0  00000-0 0  9992
2 23132  12.0444  10.0021 0001916 123.3590  48.9914  1.00227424124220
1 23168U 94038A   24153.40574532 -.00000220  00000-0  00000-0 0  9994
2 23168  14.0064 358.0539 0009573 109.5444 262.8202  1.00273749109534
1 23171U 94038D   24153.20882737  .00000005  00000-0  00000-0 0  9995
2 23171  14.3070 359.2532 0027088 127.8159 225.7409  0.99430401108590
1 23175U 94040A   24153.09285188 -.00000194  00000-0  00000-0 0  9996
2 23175  10.9303  40.2763 0006724  40.7249 140.7761  0.99192889108249
1 23176U 94040B   24153.70973427  .00000066  00000-0  00000+0 0  9991
2 23176  12.5306  25.1778 0005748  45.5807 138.1598  0.99148031108796
1 23185U 94043A   24153.37615762 -.00000101  00000-0  00000-0 0  9994
2 23185  12.5525  23.0364 0005948  48.7472 138.7921  0.99380469 37668
1 23199U 94049A   24153.59563448 -.00000285  00000-0  00000-0 0  9995
2 23199  11.6458  31.9445 0004779 123.8953  74.6422  0.99249987 38806
1 23200U 94049B   24153.57250935 -.00000051  00000-0  00000-0 0  9991
2 23200  12.9721  21.7451 0019576  91.5000  75.3565  0.99045104107915
1 23267U 94060A   24153.23327063  .00000004  00000-0  00000-0 0  9994
2 23267  14.3994 355.2345 0006842 181.0109  30.2653  1.00379188108712
1 23270U 94060D   24153.16125255 -.00000307  00000-0  00000-0 0  9996
2 23270  14.4880 355.6678 0010727 128.3459 137.0082  1.00078083108074
1 23305U 94064A   24153.26030417 -.00000119  00000-0  00000-0 0  9996
2 23305  10.3761  42.4674 0003608 262.9026 319.0073  0.99301781108329
1 23314U 94065B   24153.58104869 -.00000325  00000-0  00000+0 0  9993
2 23314  10.0883  44.3338 0002449  97.1503  81.8323  0.99591948108215
1 23319U 94067A   24153.15605039  .00000055  00000-0  00000-0 0  9998
2 23319  14.3060   7.5405 0003859 197.5233 164.4346  0.99818031108130
1 23322U 94067D   24153.70233735  .00000100  00000-0  00000+0 0  9993
2 23322  14.2857 350.4780 0010255 124.4118  53.9882  1.00199163108523
1 23327U 94069A   24153.57007272 -.00000168  00000-0  00000+0 0  9995
2 23327  14.7346 355.0175 0006336 224.0399 316.8336  1.00284529108388
1 23330U 94069D   24153.53900564 -.00000259  00000-0  00000-0 0  9993
2 23330  14.7327 355.0650 0024910 131.8479 242.2863  1.00104854108199
1 23415U 94080A   24153.33352821 -.00000136  00000-0  00000-0 0  9999
2 23415  14.1052 350.2377 0094397   4.9277 345.2905  1.00959856128134
1 23426U 94082A   24151.34739599 -.00000130  00000-0  00000-0 0  9997
2 23426  14.8078   0.4090 0007353 156.5010 203.5162  1.00273030107762
1 23429U 94082D   24153.53944075 -.00000303  00000-0  00000-0 0  9992
2 23429  14.6505 359.9289 0031022 119.6006 252.0928  1.00799135108382
1 23435U 94084A   24153.57015973  .00000001  00000-0  00000-0 0  9995
2 23435  14.5458   0.3939 0003391 243.6898 292.5126  0.99073794 25424
1 23448U 94087A   24153.56998569 -.00000159  00000-0  00000-0 0  9997
2 23448  14.5045 356.5700 0005986 220.4347 318.3706  1.00267477125402
1 23451U 94087D   24153.36955557 -.00000243  00000-0  00000-0 0  9993
2 23451  14.5270 356.5873 0012513 118.3481  60.4265  1.00095410 39815
1 23461U 95001A   24153.58625846 -.00000224  00000-0  00000-0 0  9999
2 23461  10.5428  41.2336 0011646 117.0558  59.7613  0.99181258107082
1 23467U 95003A   24153.39979971 -.00000025  00000-0  00000-0 0  9996
2 23467   9.7123  15.5287 0003921  80.4983 110.4420  1.00271137107474
1 23522U 95011B   24153.34201128  .00000022  00000-0  00000-0 0  9990
2 23522  13.9986   9.7471 0009548 124.0881  84.9070  0.99406043106189
1 23536U 95016A   24153.50605089 -.00000301  00000-0  00000-0 0  9993
2 23536  10.9135  36.9261 0002336 105.9878  81.8440  0.99241773106698
1 23537U 95016B   24153.47793230 -.00000314  00000-0  00000-0 0  9990
2 23537  12.1557  27.9531 0006072  69.6615  95.5080  0.99317723106306
1 23553U 95019A   24153.24386580 -.00000097  00000-0  00000-0 0  9990
2 23553  12.6178  21.4711 0006006 326.6720 242.3549  1.00272048106694
1 23568U 95022B   24153.51100369 -.00000311  00000-0  00000-0 0  9998
2 23568  17.8948  13.5328 0006239 355.4742   4.5075  1.00551336 18403
1 23571U 95023A   24152.91407778 -.00000068  00000-0  00000-0 0  9999
2 23571   9.4172  50.9513 0002073 357.2533 191.0616  0.99052230105938
1 23613U 95035B   24153.76782931 -.00000208  00000-0  00000+0 0  9995
2 23613  13.6883 353.3424 0028880  68.0027 190.5447  1.00277038105676
1 23615U 95035D   24152.70246134  .00000109  00000-0  00000-0 0  9990
2 23615  16.1791 348.3132 0012753 150.9903  38.2528  1.00499074105900
1 23639U 95041A   24153.41646581 -.00000327  00000-0  00000-0 0  9995
2 23639  14.6296   4.2040 0001512 100.9251  81.6792  0.99674980105090
1 23649U 95043A   24153.51230021 -.00000305  00000-0  00000-0 0  9993
2 23649  12.1810  22.3497 0017995  62.3426 141.2280  0.99150853 62264
1 23651U 95044A   24153.86054392 -.00000007  00000-0  00000+0 0  9998
2 23651  12.3175  26.5167 0019448   7.0248 199.1722  0.99128243104578
1 23653U 95045A   24153.27226980  .00000103  00000-0  00000-0 0  9997
2 23653  14.4855 358.3555 0004935 198.9527 173.4476  1.00340778105316
1 23656U 95045D   24153.41646581 -.00000299  00000-0  00000-0 0  9996
2 23656  14.5310 358.6409 0019537  47.1155 137.2566  1.00181443105199
1 23670U 95049A   24153.60646456 -.00000163  00000-0  00000+0 0  9997
2 23670  12.9929  17.9851 0002681  26.7081 327.5404  1.00247106105073
1 23680U 95054A   24153.13933035 -.00000102  00000-0  00000-0 0  9998
2 23680  14.9193   5.1088 0009804 118.8909 249.9372  1.00267940104872
1 23683U 95054D   24153.27070340  .00000063  00000-0  00000-0 0  9992
2 23683  14.8911   4.9574 0022056  86.1152 271.0065  1.00297419104880
1 23712U 95060A   24153.67335881 -.00000024  00000-0  00000+0 0  9997
2 23712  13.7957   9.1423 0001637  39.0990 324.8053  1.00269967 24174
1 23713U 95060B   24153.12347203 -.00000139  00000-0  00000-0 0  9997
2 23713  14.2955   4.5165 0034355 199.5533 160.2877  1.00605430 17929
1 23717U 95063A   24152.95257861 -.00000294  00000-0  00000-0 0  9996
2 23717  14.2488   8.1273 0004728 345.8404 201.4974  0.99892044104174
1 23720U 95063D   24153.43811774 -.00000325  00000-0  00000-0 0  9998
2 23720  14.4531 353.7828 0043597 170.1245  20.9141  1.00270878104519
1 23723U 95064A   24153.60453291 -.00000020  00000-0  00000-0 0  9999
2 23723   9.8277  47.6035 0008805 336.6549 169.5535  0.99302735103921
1 23731U 95067B   24152.60478039 -.00000096  00000-0  00000-0 0  9990
2 23731  13.8637  13.7512 0005239  57.9907 298.8426  0.99777470103958
1 23741U 95069A   24153.53926670 -.00000271  00000-0  00000-0 0  9990
2 23741  12.5753  21.4974 0006809  77.3035 270.7149  1.00287207104335
1 23764U 96002A   24153.41035752 -.00000195  00000-0  00000-0 0  9997
2 23764  10.4046  42.4005 0009489 272.2375  79.8938  0.99091307103390
1 23765U 96002B   24153.82670861  .00000040  00000-0  00000+0 0  9996
2 23765  11.2917  34.5748 0003652 352.7329 205.5024  0.99061304103457
1 23768U 96003A   24153.37546144 -.00000047  00000-0  00000-0 0  9995
2 23768  11.5875  30.8245 0005187  80.9554  94.7752  0.99801406103734
1 23775U 96005A   24152.72397939 -.00000108  00000-0  00000-0 0  9997
2 23775  14.4686   0.1189 0020207 219.4566  13.9333  0.99881721103593
1 23779U 96006A   24153.60118888 -.00000337  00000-0  00000-0 0  9998
2 23779   9.3035  52.1856 0004990 118.7705  73.7710  0.99597190103422
1 23781U 96007A   24153.41716223 -.00000128  00000-0  00000-0 0  9996
2 23781  11.7468  31.0893 0005928 303.3498 249.1704  0.99263727103048
1 23839U 96020A   24153.27239212 -.00000282  00000-0  00000-0 0  9998
2 23839   9.0344  53.0253 0005771  41.6288 197.0029  0.99990339102792
1 23842U 96021A   24153.47321983 -.00000219  00000-0  00000-0 0  9992
2 23842   3.4932  82.7295 0003483  24.1935 267.0130  0.99118910 44709
1 23877U 96033A   24153.68764701 -.00000339  00000-0  00000+0 0  9997
2 23877  10.8544  37.9047 0008918 132.7100  99.2749  0.99543103102277
1 23880U 96034A   24153.80952144  .00000030  00000-0  00000+0 0  9993
2 23880  14.4337   0.5743 0006961   2.1568 190.8391  1.00194894102570
1 23915U 96035A   24152.97786944 -.00000238  00000-0  00000-0 0  9995
2 23915   9.1340  54.0735 0011875 214.8909 314.3749  0.99183635102006
1 23943U 96039A   24153.51046220 -.00000315  00000-0  00000-0 0  9993
2 23943  11.8225  24.7723 0019980 340.8550 209.2835  0.99194265 35247
1 23948U 96040A   24152.97412747 -.00000272  00000-0  00000-0 0  9992
2 23948  13.7873  14.3626 0006326 102.0086  86.8335  0.99230680101454
1 23949U 96040B   24153.58625846 -.00000345  00000-0  00000-0 0  9998
2 23949  10.9054  35.5829 0005424 112.6469  60.7736  1.00191267102205
1 23967U 96042A   24153.23447074  .00000006  00000-0  00000-0 0  9990
2 23967  10.4122  20.7266 0008724  85.9746 102.0653  1.00378157102004
1 24208U 96044A   24153.33770529 -.00000005  00000-0  00000-0 0  9996
2 24208  13.4130  12.2565 0026918 126.7303 225.0700  1.00777460102077
1 24307U 96053A   24153.48382545  .00000025  00000-0  00000-0 0  9990
2 24307   8.1533  61.0950 0008459  19.7795 167.3727  1.00001620101468
1 24313U 96055A   24153.21385744 -.00000269  00000-0  00000-0 0  9995
2 24313  10.7726  37.0555 0015745  67.4071 150.7516  1.00221860101535
1 24315U 96054A   24153.18763147 -.00000264  00000-0  00000+0 0  9993
2 24315   7.3305  66.7167 0003409 223.9569 343.7549  0.99507921101515
1 24435U 96058A   24153.45028050 -.00000343  00000-0  00000-0 0  9996
2 24435  14.6372   0.0232 0008474  22.0239 133.2391  1.00280570101334
1 24438U 96058D   24152.78916341  .00000019  00000-0  00000-0 0  9992
2 24438  14.5693 356.7081 0011355 111.2695 123.6448  1.00348651101357
1 24652U 96063A   24153.35515390  .00000092  00000-0  00000-0 0  9990
2 24652   8.9657  55.3760 0003647  67.6425 121.5450  0.99410722101040
1 24653U 96063B   24152.81993740  .00000079  00000-0  00000-0 0  9995
2 24653  11.1345  34.2739 0004438 140.5046  73.2528  0.99649955100840
1 24674U 96070A   24152.81716196 -.00000027  00000-0  00000-0 0  9998
2 24674   8.6900  56.3544 0004632  24.4379 177.6848  0.99979335100443
1 24713U 97002A   24153.44981439  .00000036  00000-0  00000-0 0  9991
2 24713   9.2710  51.3905 0005889  76.1400 126.4954  0.99470790100006
1 24714U 97002B   24153.60959737 -.00000127  00000-0  00000+0 0  9997
2 24714  11.3822  33.7564 0005990 152.0655 203.2983  0.99383716 99687
1 24737U 97008A   24153.23852990  .00000036  00000-0  00000-0 0  9999
2 24737  14.1587   9.0891 0007420 309.8442 258.0020  0.99027023 11428
1 24740U 97008D   24152.49724340 -.00000252  00000-0  00000-0 0  9998
2 24740  14.3463   9.4928 0025039 170.6578 189.3653  0.99499389 18368
1 24748U 97011A   24152.88105106 -.00000108  00000-0  00000-0 0  9996
2 24748  12.1903  27.9562 0024073 309.0049 245.6155  0.99032452 99094
1 24769U 97016B   24152.92966132  .00000013  00000-0  00000-0 0  9997
2 24769   9.7060  46.6350 0001869 335.6493 236.1861  0.99120386 39404
1 24786U 97019A   24153.35399133  .00000051  00000-0  00000-0 0  9990
2 24786  12.2444  26.2115 0027799 216.0667   0.7819  0.99122339 98678
1 24798U 97021A   24153.27522858  .00000125  00000-0  00000-0 0  9991
2 24798  12.8739  19.1212 0011306  88.9139 278.6543  1.00205235 99042
1 24812U 97026A   24153.50952218  .00000012  00000-0  00000+0 0  9990
2 24812   5.5020  76.2772 0012184 343.9939 220.3157  0.99092750 98837
1 24819U 97027A   24153.07618874 -.00000275  00000-0  00000-0 0  9990
2 24819  10.1573  43.3874 0013960  41.6553 152.1237  0.99500551 98636
1 24880U 97036A   24153.36585726 -.00000090  00000-0  00000+0 0  9993
2 24880  10.8004  39.3139 0007268   9.2844 350.6568  0.99072694 97897
1 24901U 97042A   24152.98039309 -.00000193  00000-0  00000-0 0  9997
2 24901   9.7007  48.8021 0002512  58.7144 129.4643  0.99263998 97823
1 24916U 97046A   24153.60952498 -.00000063  00000-0  00000+0 0  9995
2 24916   8.7697  55.6035 0001968  56.7151 163.8256  1.00271819 98135
1 24936U 97050A   24153.39369684 -.00000258  00000-0  00000-0 0  9994
2 24936   6.3094  72.3452 0002886  11.4966 236.2354  1.00270184 44952
1 24957U 97053A   24153.58473171 -.00000283  00000-0  00000+0 0  9995
2 24957   8.9197  54.2400 0000944 165.1008  36.1227  0.99106678 97650
1 25010U 97062A   24153.45112544 -.00000132  00000-0  00000-0 0  9990
2 25010   9.1195  54.1965 0007965 296.3490 165.4274  0.99209004 97137
1 25019U 97065A   24153.21854753 -.00000063  00000-0  00000-0 0  9994
2 25019  11.8909  26.9585 0002784  18.5428 171.0349  1.00271494 25472
1 25045U 97070A   24153.06011552 -.00000236  00000-0  00000-0 0  9996
2 25045  14.6104   0.2854 0000944 239.7820 120.1844  1.00247284 97162
1 25048U 97070D   24153.37103495 -.00000259  00000-0  00000-0 0  9996
2 25048  14.8108 359.8806 0017852 139.0073  44.0831  0.99643574 96594
1 25049U 97071A   24153.85564742 -.00000007  00000-0  00000+0 0  9997
2 25049  10.7414  39.4636 0005505  53.1222 129.6924  0.99405897 96795
1 25050U 97071B   24153.14098376 -.00000190  00000-0  00000-0 0  9990
2 25050  12.1166  25.2834 0001889  39.9685 317.2035  1.00361517 97316
1 25071U 97076A   24153.43965362  .00000052  00000-0  00000-0 0  9994
2 25071   7.7739  61.6490 0006849 106.7558 128.4594  0.99034618 96980
1 25086U 97078A   24153.47609160 -.00000285  00000-0  00000-0 0  9996
2 25086  13.5519  15.2514 0009942  54.4895 319.8531  0.99705386 96512
1 25110U 97083A   24151.90309829 -.00000220  00000-0  00000+0 0  9993
2 25110  12.3893  22.8997 0007580  32.8505 132.0312  1.00223812 96924
1 25126U 97086A   24153.40527097  .00000109  00000-0  00000-0 0  9995
2 25126  11.9533  38.1352 0052988  31.6595 166.4302  1.00225035 97650
1 25134U 98002A   24153.78729851 -.00000037  00000-0  00000+0 0  9996
2 25134  12.3002  15.2000 0006293 122.7768  62.5221  0.99153312 96046
1 25152U 98006A   24153.58464469 -.00000289  00000-0  00000+0 0  9998
2 25152   9.2020  54.0767 0004262  43.2013 157.3704  0.99221442 96225
1 25153U 98006B   24153.27396087 -.00000288  00000-0  00000-0 0  9995
2 25153   8.0107  60.2273 0004921   6.2136 228.4470  1.00271619 96412
1 25239U 98014A   24153.42358497  .00000088  00000-0  00000-0 0  9996
2 25239   5.2163  78.6034 0006807  37.8636 349.9003  0.99074662 39588
1 25258U 98016A   24152.90781215 -.00000101  00000-0  00000-0 0  9996
2 25258  10.2311  26.8058 0001821 234.7826 304.0083  1.00306123 96374
1 25312U 98024B   24153.45027212 -.00000043  00000-0  00000-0 0  9992
2 25312   9.9459  51.0475 0000826 291.1815 268.3976  0.99121047 38764
1 25315U 98025A   24153.14011354 -.00000140  00000-0  00000-0 0  9990
2 25315  13.6884   9.1536 0008890 135.5627 233.3421  1.00285675 95530
1 25318U 98025D   24153.84734553  .00000027  00000-0  00000+0 0  9995
2 25318  13.7113   9.1848 0033920 113.2761  87.3817  1.00058980 95363
1 25337U 98029B   24153.18833240  .00000109  00000-0  00000-0 0  9992
2 25337   8.2276 342.0710 0048944 159.8626 200.2772  1.00207822 18360
1 25353U 97049E   24152.82797518  .00000046  00000-0  00000-0 0  9998
2 25353  14.0652   4.8154 0072540 317.6420  41.7765  1.00636468103997
1 25371U 98037A   24153.40952147  .00000055  00000-0  00000-0 0  9992
2 25371   6.0179  74.1479 0011812 123.2533  86.9498  0.99471995 94940
1 25404U 98044A   24152.77918097  .00000085  00000-0  00000-0 0  9995
2 25404   9.4104  51.4912 0002241 240.8253 299.6894  0.99194282 94509
1 25462U 98050A   24153.42236666  .00000071  00000-0  00000-0 0  9999
2 25462   5.2084  77.6461 0003100 348.6315  33.3443  1.00271345 38863
1 25491U 98056A   24153.40515646 -.00000012  00000-0  00000-0 0  9999
2 25491  10.2713  44.0223 0002932 126.6644  65.4567  0.99262801 93458
1 25492U 98056B   24153.50049395 -.00000274  00000-0  00000-0 0  9994
2 25492  10.5046  39.6703 0004852  51.2147 138.8696  0.99038361 93739
1 25515U 98063A   24153.58203400 -.00000282  00000-0  00000+0 0  9993
2 25515   8.5846  56.1326 0004826  50.7428 133.7498  0.99009901 93352
1 25516U 98063B   24152.71474288 -.00000106  00000-0  00000-0 0  9998
2 25516  10.0012  46.0661 0005412  32.1144 165.5897  0.99330317 93418
1 25546U 98068A   24153.60118888 -.00000275  00000-0  00000-0 0  9993
2 25546   9.3123  52.7110 0005658  12.7629 175.5308  0.99040004 93152
1 25585U 98075A   24153.41686701  .00000036  00000-0  00000-0 0  9991
2 25585  11.1517  36.1656 0016546 138.9344  80.7579  0.99153288 92590
1 25638U 99009A   24153.44365840 -.00000107  00000-0  00000-0 0  9999
2 25638  10.7171  38.0297 0006149  11.0432 165.2847  1.00181253 92491
1 25639U 99009B   24152.37063181 -.00000036  00000-0  00000-0 0  9995
2 25639  11.6252  13.1689 0002353  55.3155 313.0434  1.00271905 43908
1 25642U 99010A   24153.13689372  .00000013  00000-0  00000-0 0  9996
2 25642  15.4273   7.8037 0001936 244.3961 109.0702  1.00195301 92466
1 25666U 99016A   24153.35850941  .00000092  00000-0  00000-0 0  9991
2 25666   9.9202  46.2104 0007293 294.8586 267.4405  0.99652984 44007
1 25880U 99042A   24153.27584346 -.00000054  00000-0  00000-0 0  9991
2 25880   5.8225  74.7809 0013945 240.4537 106.7105  1.00241323 90903
1 25894U 99046A   24153.54007686  .00000064  00000-0  00000+0 0  9996
2 25894   4.5814  79.6714 0004048   9.2234 185.2658  0.99973754 89636
1 25896U 99047A   24153.30516435 -.00000004  00000-0  00000-0 0  9996
2 25896  14.4946   5.0845 0088093  46.5743 135.3792  0.99872408 90353
1 25897U 99047B   24152.97151678 -.00000302  00000-0  00000-0 0  9994
2 25897  13.0974  18.0097 0003918  23.8461 147.2786  0.99990547 90531
1 25922U 99052A   24152.81368767 -.00000008  00000-0  00000-0 0  9994
2 25922   8.5790  58.0424 0015047 330.8755 241.9468  0.99016388 43861
1 25924U 99053A   24153.58568896 -.00000116  00000-0  00000-0 0  9997
2 25924   0.0230  60.2631 0003584  21.3534 178.7902  1.00272461 90360
1 25954U 99060A   24153.56937654  .00000056  00000-0  00000-0 0  9990
2 25954   3.3247  82.5079 0002147  30.6160  59.0433  0.99129616 36025
1 25967U 99063A   24152.01698812 -.00000187  00000-0  00000-0 0  9992
2 25967   9.4585  30.7238 0001464  81.8794 119.7367  1.00269920 89850
1 26038U 99071A   24153.56229837 -.00000052  00000-0  00000-0 0  9990
2 26038   4.8156  79.4637 0000169  97.5439  82.2354  1.00270651 89603
1 26052U 00001A   24153.44679122  .00000036  00000-0  00000+0 0  9994
2 26052  10.6861  37.8447 0000721 321.7959 231.8346  1.00273084 24141
1 26056U 00002A   24153.16883355 -.00000282  00000-0  00000-0 0  9998
2 26056  10.9852  36.6329 0005737 106.3618 121.0785  0.99642924 88894
1 26071U 00007A   24153.61212852 -.00000289  00000-0  00000+0 0  9994
2 26071   6.5412  71.7002 0000381  98.9955  91.0238  0.99206388 88880
1 26089U 00011A   24153.13313168  .00000016  00000-0  00000-0 0  9995
2 26089   7.8073  73.0517 0003495  10.9936 225.3276  0.99919274 34200
1 26101U 00013D   24153.39979971  .00000030  00000-0  00000-0 0  9996
2 26101  14.1615   6.4788 0009364  69.9105 129.3172  1.00751140 89129
1 26107U 00016A   24153.45028028 -.00000332  00000-0  00000-0 0  9996
2 26107   7.3702  65.7088 0004331   7.5812  84.2074  1.00269271 88442
1 26108U 00016B   24153.87394539  .00000121  00000-0  00000+0 0  9990
2 26108   9.3097  51.8027 0004994 230.8040 329.6456  0.99656229 88327
1 26246U 00019D   24153.52861872 -.00000317  00000-0  00000-0 0  9996
2 26246  14.5214   7.4610 0010891 300.5727 252.1348  0.99560067 87675
1 26298U 00020A   24153.35755247  .00000085  00000-0  00000-0 0  9995
2 26298  11.7725  29.3286 0003282 150.0459  66.8790  0.99831603 88170
1 26352U 00022A   24153.30234714  .00000056  00000-0  00000-0 0  9992
2 26352  10.2121  53.3658 0000869 245.2885 302.9013  0.99040289 45080
1 26356U 00024A   24153.30655671  .00000092  00000-0  00000-0 0  9997
2 26356  12.6065  16.9031 0001635 101.1638  76.9305  1.00278046 25431
1 26359U 00024D   24153.21600476  .00000106  00000-0  00000+0 0  9998
2 26359  12.7381  17.5885 0007718 142.4596 217.5566  0.99703183 17917
1 26372U 00029A   24153.13715477 -.00000019  00000-0  00000-0 0  9992
2 26372  13.4994  12.1521 0001698 163.8609 185.4578  1.00391687 87942
1 26381U 00031D   24153.37103495 -.00000279  00000-0  00000-0 0  9990
2 26381  14.3524   8.8451 0014106  96.2172  77.4870  0.99443910 86899
1 26382U 00032A   24153.57611647 -.00000349  00000-0  00000-0 0  9995
2 26382  12.5340  22.1502 0000721   3.5490 182.8258  1.00080410 87464
1 26388U 00034A   24153.41160494  .00000094  00000-0  00000+0 0  9990
2 26388  11.5187  37.4008 0002470 292.6017 260.9867  1.00265935 87693
1 26394U 00036A   24152.63802306 -.00000067  00000-0  00000-0 0  9999
2 26394  13.5823  12.8936 0004817 120.5600  56.0561  1.00272803 87552
1 26397U 00036D   24153.33439605  .00000094  00000-0  00000-0 0  9997
2 26397  13.5554  12.7777 0019675  64.0849 149.2513  1.00164313 39851
1 26451U 00043A   24153.06507694  .00000007  00000-0  00000-0 0  9994
2 26451   8.7530  55.8021 0002228  18.4487 199.1010  1.00376452 36660
1 26460U 00032C   24152.14276239 -.00000049  00000-0  00000-0 0  9995
2 26460  14.0578  11.8732 0024004  31.6515 328.4714  1.00129048114705
1 26469U 00046A   24153.32391611 -.00000085  00000-0  00000-0 0  9992
2 26469   7.4703  66.5045 0001895 203.2056  16.4908  0.99163163 87367
1 26477U 00049A   24153.70813441 -.00000011  00000-0  00000+0 0  9994
2 26477  13.5376  13.4543 0004579  83.6990 113.6475  1.00208421 87014
1 26495U 00054B   24153.59315010 -.00000038  00000-0  00000-0 0  9996
2 26495   5.0058  79.1395 0003550  80.3734 140.8563  0.99135352 86578
1 26554U 00059A   24153.58914705  .00000029  00000-0  00000-0 0  9991
2 26554   0.1943  88.1044 0003067 353.6529 196.8963  1.00272096 33819
1 26559U 00060A   24153.39798493 -.00000161  00000-0  00000+0 0  9998
2 26559   4.8869  78.9558 0007958  11.3926 238.3973  0.99180096 86424
1 26575U 00065A   24153.56854843 -.00000326  00000-0  00000+0 0  9995
2 26575  10.3292  41.1193 0001852 358.8411 189.4861  1.00276427 24135
1 26580U 00067A   24153.56021572  .00000108  00000-0  00000-0 0  9996
2 26580   0.0355  63.1663 0002764  25.7419 224.2950  1.00271570 86414
1 26590U 00068A   24153.45492142 -.00000128  00000-0  00000-0 0  9994
2 26590   6.4743  72.6066 0009301 196.4093 252.7392  0.99026864 44114
1 26608U 00072A   24153.57879213 -.00000137  00000-0  00000-0 0  9990
2 26608   6.2290  72.8746 0000066 276.8412 266.2907  1.00271715 33843
1 26624U 00076A   24153.53239191 -.00000058  00000-0  00000-0 0  9995
2 26624   3.2647  83.9224 0009220   1.6225 247.4765  1.00269993 35665
1 26639U 00081B   24153.57340858 -.00000276  00000-0  00000-0 0  9996
2 26639   4.1977  81.6055 0003481 264.5234 265.1779  0.99154088 85793
1 26643U 00082A   24153.34361262  .00000015  00000-0  00000-0 0  9999
2 26643  11.5139  32.5728 0083430  69.4613 118.5327  0.99252389 44672
1 26695U 01005B   24153.13720387 -.00000003  00000-0  00000-0 0  9994
2 26695  11.3479  22.7150 0004738 160.9090  14.5455  0.99144861 85211
1 26715U 01009A   24153.29800573  .00000010  00000-0  00000-0 0  9991
2 26715  10.7307  23.9344 0002365  37.0129 172.3526  1.00274186 25477
1 26716U 01009B   24152.82026099  .00000099  00000-0  00000-0 0  9990
2 26716  12.0606  17.0723 0017282 119.7991 240.3336  1.00465954 18752
1 26720U 01011B   24152.97647707 -.00000251  00000-0  00000-0 0  9990
2 26720   9.1343  53.8944 0001569 123.8262  37.7972  0.99180906 84578
1 26724U 01012A   24153.87554128  .00000071  00000-0  00000+0 0  9997
2 26724   7.8291  63.7450 0007720  60.8763 130.2628  0.99080681 84646
1 26736U 01014A   24153.51020115 -.00000347  00000-0  00000-0 0  9995
2 26736  14.0137  18.8962 0032007  58.0822 136.3739  0.99592387 84504
1 26761U 01018A   24153.37854069 -.00000004  00000-0  00000-0 0  9994
2 26761   7.0086  69.5917 0008491 335.6341 247.1099  0.99003590 38737
1 26766U 01019A   24153.57872715 -.00000359  00000-0  00000-0 0  9993
2 26766   7.2880  66.8022 0003082  13.2536 142.4070  1.00133865 38142
1 26824U 01024A   24153.69180762 -.00000199  00000-0  00000+0 0  9992
2 26824   0.0178  81.8354 0000668 304.5482  85.8448  1.00268193 84116
1 26853U 01025A   24153.34216294 -.00000244  00000-0  00000+0 0  9998
2 26853   6.3300  72.1699 0007392 141.7638  86.9589  1.00127303 84096
1 26863U 01029A   24153.01993905 -.00000202  00000-0  00000-0 0  9993
2 26863  14.3852  12.0287 0015083 144.9233  34.7740  0.99290190 36444
1 26871U 01031A   24152.83035668  .00000044  00000-0  00000-0 0  9990
2 26871  10.8173  43.2298 0005973 318.4079 228.2955  0.99136487 83360
1 26880U 01033A   24153.54422700 -.00000300  00000-0  00000-0 0  9994
2 26880  12.0809  21.3978 0001135 278.5466  97.0690  1.00280700 25493
1 26883U 01033D   24152.97484255 -.00000334  00000-0  00000-0 0  9993
2 26883  12.1970  21.6826 0007028  21.4655 338.5225  0.99903574 18333
1 26892U 01037A   24152.77404663  .00000126  00000-0  00000-0 0  9998
2 26892  12.6157  19.4647 0004755 185.4103 359.3510  1.00195542 83379
1 26895U 01037D   24153.78729851  .00000125  00000-0  00000+0 0  9990
2 26895  12.6085  19.6820 0023397  66.4127 119.6862  1.00254085 83391
1 26900U 01039A   24153.54413998 -.00000279  00000-0  00000-0 0  9997
2 26900   4.2226  80.8185 0004558  13.5542 301.9493  1.00272009 83211
1 26939U 01045D   24153.20590623  .00000095  00000-0  00000-0 0  9995
2 26939  13.3146  17.5420 0026405  17.9346 337.1457  1.00247343 83246
1 26985U 01052A   24153.17549420 -.00000238  00000-0  00000-0 0  9999
2 26985   4.3455  80.5779 0005343  26.9460 183.1979  0.99266194 43664
1 27168U 02001A   24153.34266558  .00000083  00000-0  00000-0 0  9992
2 27168  10.2962  25.9284 0099819 359.6522   4.1679  1.00270732 25482
1 27169U 02001B   24153.20458415 -.00000027  00000-0  00000-0 0  9992
2 27169   9.0599  33.5758 0052099 114.8664 245.5898  1.00138454 18900
1 27298U 02002A   24153.11438229 -.00000241  00000-0  00000-0 0  9995
2 27298   6.6013  71.5959 0009861 113.7419  83.5104  0.99303515 81681
1 27378U 02006A   24153.56589562  .00000112  00000-0  00000-0 0  9990
2 27378   2.0833  86.6198 0004674 343.0727  83.6020  0.99832459 43094
1 27380U 02007A   24153.69137250 -.00000211  00000-0  00000+0 0  9991
2 27380   5.0422  78.0174 0002832   2.7293  29.2912  1.00272409 81616
1 27399U 02015A   24153.33660735  .00000051  00000-0  00000-0 0  9992
2 27399   6.4450  72.3030 0008308  42.8745 299.3155  0.99025464 81265
1 27400U 02015B   24153.87549330  .00000009  00000-0  00000+0 0  9993
2 27400   8.9315  54.1955 0001164   7.9500 177.2614  0.99085906 81174
1 27403U 02016A   24153.42132238  .00000076  00000-0  00000-0 0  9998
2 27403   5.8312  74.9644 0006130 344.9823  34.2878  0.99017836 38011
1 27414U 02019A   24153.58104869 -.00000271  00000-0  00000-0 0  9997
2 27414   7.5421  64.9930 0004685  31.2653 135.7161  0.99083685 81071
1 27426U 02023A   24153.53221787 -.00000052  00000-0  00000-0 0  9996
2 27426   2.9619  84.6266 0003801   6.2360 241.1237  1.00271785 80640
1 27438U 02027A   24153.69232976 -.00000182  00000-0  00000+0 0  9995
2 27438   4.8678  78.6762 0002599 341.9635  54.7528  1.00271275 80498
1 27441U 02029A   24153.41882361  .00000055  00000-0  00000-0 0  9999
2 27441  10.3348  41.9803 0006453  74.4011 143.1935  0.99203633 80367
1 27444U 02029D   24153.10813292 -.00000061  00000-0  00000-0 0  9993
2 27444  13.6774  15.3759 0011962  29.0075 152.4136  0.99268326 79680
1 27445U 02030A   24153.60681265 -.00000148  00000-0  00000+0 0  9999
2 27445   1.8043  87.0054 0003177  32.7014 254.4771  1.00271211 80473
1 27499U 02038A   24153.42219260  .00000107  00000-0  00000-0 0  9993
2 27499   6.7292  70.6017 0002668 347.2654  41.1082  0.99319262 43535
1 27513U 02041A   24153.49532358  .00000017  00000-0  00000-0 0  9997
2 27513   3.8980  82.0687 0003835 353.6595  57.1789  1.00272600 79555
1 27516U 02042B   24153.57829205 -.00000266  00000-0  00000-0 0  9997
2 27516   9.7805  47.8230 0014922 211.6045 321.0994  0.99273557 38188
1 27554U 02051A   24152.89077189  .00000049  00000-0  00000-0 0  9997
2 27554   7.1918  67.7414 0014281 323.4648 236.6845  1.00370989 41316
1 27566U 02055A   24153.51275253  .00000087  00000-0  00000-0 0  9998
2 27566   9.5351  45.5178 0006551 342.9668 235.4171  1.00272103 78752
1 27603U 02057A   24153.49619382  .00000084  00000-0  00000-0 0  9991
2 27603   3.4455  83.5149 0002820 268.8367 145.2717  0.99120949 78536
1 27632U 02062A   24153.44160841 -.00000065  00000-0  00000-0 0  9995
2 27632   7.6956  64.3781 0005292  10.2344 225.5782  1.00272026 36703
1 27683U 03007A   24153.59332413 -.00000027  00000-0  00000-0 0  9991
2 27683   3.8174  81.2147 0009319  34.6372 185.6686  0.99160129 77798
1 27691U 03008A   24153.42664612  .00000051  00000-0  00000-0 0  9998
2 27691   9.4667  49.6255 0000249 351.3900 233.1709  1.00271015 25476
1 27711U 03012A   24153.50605089 -.00000198  00000-0  00000-0 0  9991
2 27711  11.2077  35.4881 0099678   2.0431 187.2578  1.00271081 25472
1 27712U 03012B   24152.87807032  .00000077  00000-0  00000+0 0  9997
2 27712  10.2478  27.4471 0020693 261.3595  98.3449  1.00575193 18286
1 27714U 03013A   24153.60118888 -.00000335  00000-0  00000-0 0  9995
2 27714   7.0213  68.8898 0010649 324.3164 211.0158  0.99810056 77286
1 27718U 03014A   24153.68243726 -.00000218  00000-0  00000+0 0  9997
2 27718   2.7890  85.1396 0002728 346.5086 212.2265  1.00271311 77444
1 27775U 03015A   24153.51063625 -.00000252  00000-0  00000-0 0  9990
2 27775  11.8655  25.2181 0041295 355.2280 195.4849  1.00457473 77422
1 27780U 03015F   24153.27296598  .00000113  00000-0  00000-0 0  9991
2 27780  11.9018  25.5477 0012360  35.3876 312.9852  1.00220723 77012
1 27807U 03018A   24153.40905219 -.00000160  00000-0  00000-0 0  9999
2 27807   9.7161  47.7138 0010572 334.9248   4.8087  0.99857795 76984
1 27811U 03020A   24153.08660466 -.00000079  00000-0  00000-0 0  9992
2 27811   5.4829  76.6807 0004632 352.7939 201.7563  1.00270857 35367
1 27813U 03021A   24153.50049395 -.00000253  00000-0  00000-0 0  9998
2 27813   9.9261  47.2932 0012021 289.3703 249.0996  0.99782204 76862
1 27820U 03024A   24153.39227648 -.00000109  00000-0  00000+0 0  9994
2 27820   6.0450  73.9670 0018449 338.1473 267.0802  0.99029789 76565
1 27825U 03026A   24153.87164649  .00000126  00000-0  00000+0 0  9993
2 27825   7.7008  34.2496 0002667  11.6500 202.7378  1.00272895 76860
1 27830U 03028A   24153.27396108 -.00000216  00000-0  00000-0 0  9994
2 27830   8.4991  58.8404 0005067 283.4500 312.7785  0.99201698 39258
1 27831U 03028B   24153.57896574 -.00000148  00000-0  00000-0 0  9994
2 27831   5.0080  78.3493 0005811 348.9726 187.3529  1.00269625 45582
1 27854U 03034A   24153.55466119  .00000016  00000-0  00000+0 0  9994
2 27854   1.2666  89.2251 0002821 351.5737 248.5136  1.00272349 81073
1 27875U 03040A   24152.96854892  .00000133  00000-0  00000-0 0  9998
2 27875   8.9030  54.5586 0004527  34.1570 172.5145  1.00388126 25508
1 27877U 03040C   24153.03975558 -.00000365  00000-0  00000-0 0  9990
2 27877  12.8076  17.7819 0007002 319.4325  40.4800  1.00742819 18430
1 27938U 03041B   24153.16091447 -.00000348  00000-0  00000-0 0  9990
2 27938  14.2587  45.4647 0035772  89.2082 271.1473  1.00860115 17422
1 27951U 03043E   24153.39584225 -.00000283  00000-0  00000-0 0  9991
2 27951   8.0120  61.3362 0010520 236.8532  27.2271  1.00804195 46284
1 27954U 03044A   24153.56577279  .00000136  00000-0  00000+0 0  9990
2 27954   0.0392  91.4063 0000630  98.9460 113.8537  1.00269298 75671
1 28082U 03052A   24153.32530222 -.00000090  00000-0  00000-0 0  9994
2 28082   8.8206  56.5046 0004989  78.7851 152.5786  0.99108360 74997
1 28089U 03053A   24153.63838645 -.00000076  00000-0  00000-0 0  9990
2 28089   4.4510  79.9153 0004021   4.7107 199.2736  1.00271753 75222
1 28094U 03053B   24152.78309699 -.00000163  00000-0  00000-0 0  9990
2 28094   7.8863  62.8765 0004253  57.4589 133.0003  1.00309031 77396
1 28117U 03057A   24153.76507834 -.00000103  00000-0  00000+0 0  9993
2 28117   8.0438  36.7942 0003518  44.6514 160.1161  1.00272023 74943
1 28132U 03059A   24153.48914498  .00000062  00000-0  00000-0 0  9993
2 28132   6.6805  71.0289 0003333  50.2047 338.6149  0.99395987 74633
1 28134U 03060A   24153.50952218  .00000041  00000-0  00000-0 0  9999
2 28134   6.4226  72.2369 0008952 101.7409 104.2231  0.99355828 74626
1 28139U 03060D   24153.19216115  .00000029  00000-0  00000-0 0  9994
2 28139  12.9332  19.0503 0016312 208.5862 149.9165  1.00311244 74548
1 28154U 04003A   24152.14354994 -.00000290  00000-0  00000-0 0  9992
2 28154   4.7864  77.2140 0004518  27.1991 339.9572  0.99123434 74171
1 28156U 00024E   24152.79963482  .00000051  00000-0  00000-0 0  9996
2 28156  13.1576  16.6671 0080911  12.2146 347.9527  0.99757458 17211
1 28158U 04004A   24153.14806219 -.00000221  00000-0  00000+0 0  9993
2 28158  11.0411  31.1271 0000242  57.1031 302.5181  1.00274193 24131
1 28161U 04004D   24153.03051804 -.00000360  00000-0  00000-0 0  9992
2 28161  11.1417  31.3152 0006470  29.3767 330.6021  0.99825486 17948
1 28184U 04007A   24153.49471442  .00000044  00000-0  00000-0 0  9992
2 28184   4.1435  81.0087 0004512 353.8133  54.7450  1.00269014 44864
1 28187U 04008A   24153.49806356  .00000108  00000-0  00000-0 0  9993
2 28187   3.9279  80.7943 0002636 352.2845 217.4819  1.00272330 73870
1 28194U 04010A   24152.77482984  .00000120  00000-0  00000-0 0  9995
2 28194  12.8071  26.5183 0002779 196.5885 345.5502  1.00350435 73934
1 28218U 04011A   24153.60620351 -.00000046  00000-0  00000+0 0  9995
2 28218  12.6868  22.8375 0030740  31.0186 316.8556  0.99457851 73040
1 28234U 04015A   24153.31716025  .00000055  00000-0  00000-0 0  9999
2 28234  12.0370  28.5261 0004444 319.9210 235.7292  0.99235161 73016
1 28240U 04015D   24153.29782368 -.00000042  00000-0  00000-0 0  9993
2 28240  12.6731  19.7149 0014622 319.1416 251.9546  1.00720581 73892
1 28252U 04017A   24153.44029954 -.00000046  00000-0  00000+0 0  9993
2 28252   0.0189   3.8124 0000840  38.1229 255.8980  1.00268902 73223
1 28256U 04010F   24153.54144227 -.00000289  00000-0  00000+0 0  9991
2 28256  12.8397  26.7243 0026375 359.2665 355.5856  1.00109357 73269
1 28358U 04022A   24153.55388653 -.00000008  00000-0  00000-0 0  9991
2 28358   0.0179 358.0091 0000889  40.7452  50.1688  1.00269910 73082
1 28364U 04024A   24153.45396574  .00000033  00000-0  00000-0 0  9997
2 28364   5.0650  78.4737 0006835 338.7923 253.6096  0.99011312 72910
1 28378U 04027A   24153.54910390 -.00000045  00000-0  00000-0 0  9997
2 28378   1.3572  88.7199 0002577 350.8197 257.5421  1.00270637 33787
1 28417U 04036A   24152.91111900 -.00000132  00000-0  00000-0 0  9998
2 28417   9.8975  47.3131 0003589 103.1258  72.9581  0.99269834 71703
1 28446U 04041A   24153.67640462 -.00000085  00000-0  00000+0 0  9996
2 28446   0.0166 350.6393 0002267  90.2255 308.2437  1.00271138 71871
1 28463U 04043A   24153.36051741  .00000070  00000-0  00000-0 0  9993
2 28463  10.0311  45.7753 0006818 222.3925 346.5380  0.99191393 71315
1 28466U 04043D   24153.53452365 -.00000368  00000-0  00000-0 0  9993
2 28466  12.4945  21.6717 0009498 128.9467  60.4258  1.00141502 71641
1 28472U 04048A   24153.47757868  .00000080  00000-0  00000-0 0  9994
2 28472   2.6610  85.7124 0000631 226.7768 348.9402  0.99102555 71098
1 28526U 05003A   24153.26040068 -.00000247  00000-0  00000-0 0  9996
2 28526   4.5768  79.3792 0002967 345.9345 241.2085  1.00271090 45673
1 28542U 05005A   24153.46163682  .00000155  00000-0  00000-0 0  9993
2 28542   2.4095  86.0150 0002866 344.9356  14.6768  1.00270820 70716
1 28626U 05008A   24153.38458225 -.00000201  00000-0  00000-0 0  9993
2 28626   0.0139 266.7633 0004187 318.5387  78.3334  1.00269009 35145
1 28628U 05009A   24153.52896552  .00000035  00000-0  00000-0 0  9995
2 28628   4.2635  40.9284 0001893  44.4115 173.7667  1.00268765 70194
1 28629U 05010A   24153.45096830 -.00000031  00000-0  00000-0 0  9998
2 28629   7.9695  62.3460 0022020  77.3916 114.1665  0.99041372 33178
1 28634U 05010F   24153.20547111  .00000108  00000-0  00000-0 0  9994
2 28634  12.3391  23.6657 0019577 247.2293  98.6823  1.00280197 70215
1 28659U 05019A   24153.54910390  .00000005  00000-0  00000-0 0  9996
2 28659   0.0355  97.5654 0003014 342.6929 248.8886  1.00271802 69598
1 28702U 05022A   24153.46486565 -.00000181  00000-0  00000-0 0  9998
2 28702   1.3709  88.1135 0001197 222.3920  18.2970  1.00271913 44509
1 28704U 05023H   24153.33695587  .00000101  00000-0  00000-0 0  9994
2 28704  12.1092  24.1636 0010842 322.5827 221.8396  1.00807638 69687
1 28707U 05023A   24153.16091008 -.00000234  00000-0  00000-0 0  9994
2 28707   5.4148  76.5254 0000779 279.9866 281.2347  0.99001135 45821
1 28786U 05028A   24153.59563448 -.00000359  00000-0  00000-0 0  9993
2 28786   0.0178 351.2967 0001825  94.4092 138.7626  1.00271179 44779
1 28790U 05030A   24153.56067427  .00000159  00000-0  00000-0 0  9991
2 28790   3.0915  84.0150 0001381 335.9799  65.2648  1.00272058 68833
1 28868U 05036A   24153.67596949 -.00000070  00000-0  00000+0 0  9993
2 28868   2.3929  85.8234 0003646 347.3787 313.4848  1.00271474 68682
1 28885U 05041B   24153.56328495  .00000135  00000-0  00000-0 0  9997
2 28885   2.7355  85.0832 0002587 335.3847  79.0394  1.00272878 68276
1 28899U 05044A   24153.15325396 -.00000258  00000-0  00000-0 0  9994
2 28899   4.1739  42.3884 0002010  41.5232   4.8772  1.00270966 68048
1 28902U 05046A   24153.49175566  .00000082  00000-0  00000-0 0  9994
2 28902   2.8397  85.1148 0002080 181.0249 207.8649  0.99145527 67847
1 28903U 05046B   24153.49806356  .00000106  00000-0  00000+0 0  9999
2 28903   3.5773  80.4755 0000346 291.6351 278.7589  1.00273276 68017
1 28911U 05049A   24153.49297397  .00000099  00000-0  00000-0 0  9992
2 28911   4.5203  80.7866 0004146  70.3979 329.2622  0.99196866 38036
1 28912U 05049B   24153.87324639  .00000128  00000-0  00000+0 0  9997
2 28912   7.6525  61.0003 0001336 358.6195 191.2750  1.00270348 67608
1 28924U 05052A   24153.58871193  .00000014  00000-0  00000-0 0  9999
2 28924   2.3216  85.6889 0006180 343.3958 207.4077  1.00271717 44859
1 28935U 06003A   24153.53799528 -.00000052  00000-0  00000+0 0  9996
2 28935   0.0106 340.5628 0002279  52.9750 300.4674  1.00269913 67044
1 28937U 06004A   24153.38369153 -.00000042  00000-0  00000-0 0  9999
2 28937   3.8539  81.9322 0004790 130.7977  89.4478  0.99074612 66839
1 28945U 06007A   24153.38795425 -.00000213  00000-0  00000+0 0  9995
2 28945   0.0134 281.6450 0003124 179.0964 259.2937  1.00269023 66732
1 28946U 06007B   24153.55658421  .00000089  00000-0  00000-0 0  9990
2 28946   0.1800 114.2446 0004486 329.2848  20.1363  1.00269933 66853
1 29014U 77092K   24153.66248097  .00000064  00000-0  00000+0 0  9997
2 29014   6.0470 284.2065 0016937 322.4305  67.4958  1.00149776 77106
1 29045U 06010A   24153.60118888 -.00000324  00000-0  00000-0 0  9992
2 29045   0.0141 279.3028 0000082 254.8984  64.8535  1.00271347 66298
1 29055U 06012A   24153.55797657  .00000124  00000-0  00000+0 0  9992
2 29055   0.0335 291.7569 0000675 220.4856 318.3679  1.00270963 66274
1 29155U 06018A   24153.39904458 -.00000171  00000-0  00000-0 0  9994
2 29155   2.5856  85.4678 0082536 254.9377 353.5147  0.99105857 35874
1 29163U 06020B   24153.52525605  .00000065  00000-0  00000-0 0  9995
2 29163   4.0915  81.7644 0003001  66.5370 146.2348  0.99204175 65852
1 29230U 06022A   24153.86463796  .00000029  00000-0  00000+0 0  9990
2 29230  10.5402  41.5889 0003632 139.1594  56.0143  0.99233215 65229
1 29236U 06023A   24153.53448045 -.00000123  00000-0  00000-0 0  9998
2 29236   0.0529 115.8237 0002689 317.0557 271.0294  1.00273196 65498
1 29270U 06032A   24153.56067427  .00000159  00000-0  00000-0 0  9998
2 29270   0.0320   3.8815 0004751  87.1807  34.3828  1.00269785 39839
1 29272U 06033A   24153.59563448 -.00000341  00000-0  00000-0 0  9992
2 29272   0.0176  52.3554 0002485  45.0679 135.5611  1.00270738 40264
1 29273U 06033B   24153.69624576 -.00000040  00000-0  00000+0 0  9999
2 29273   0.9833  89.6881 0003749 335.5273  70.8901  1.00270539 65271
1 29349U 06034A   24153.58625846 -.00000355  00000-0  00000-0 0  9993
2 29349   0.0105 322.0132 0000957 154.0637  98.5799  1.00270417 33842
1 29398U 06038A   24151.04096462 -.00000284  00000-0  00000-0 0  9997
2 29398  10.1389  43.1231 0004621  61.7121 115.3850  1.00092857 64892
1 29494U 06043A   24153.67710079 -.00000109  00000-0  00000+0 0  9993
2 29494   0.4907  89.6021 0002829 349.9270 313.6688  1.00270943 64631
1 29495U 06043B   24153.57896574 -.00000179  00000-0  00000-0 0  9996
2 29495   1.1054  88.9805 0003685 343.6994 178.2841  1.00273020 64646
1 29526U 06051A   24153.85774740  .00000149  00000-0  00000+0 0  9996
2 29526   0.0845  68.6530 0002914 329.5608 187.6305  1.00272314 64415
1 29643U 06054A   24153.54910390 -.00000045  00000-0  00000-0 0  9995
2 29643   0.8722  90.4805 0001653 339.2343 267.2921  1.00271534 46319
1 29648U 06056A   24153.47321983 -.00000269  00000-0  00000-0 0  9996
2 29648   2.7999  85.6140 0001348 295.8943 352.2498  0.99748421 42943
1 29656U 06059A   24152.99216014 -.00000139  00000-0  00000-0 0  9998
2 29656  10.1465  45.0092 0002721  62.0949 148.9067  0.99008880 63645
1 30323U 07003A   24153.88484564  .00000089  00000-0  00000+0 0  9999
2 30323   8.1257  64.5262 0053154 254.4802 311.2874  0.99152560 63310
1 30793U 07007A   24153.19198259 -.00000232  00000-0  00000-0 0  9993
2 30793   4.1652  82.5624 0012270 137.5586  77.3406  0.99079444 34624
1 30794U 07007B   24153.57311851 -.00000267  00000-0  00000-0 0  9999
2 30794   3.3923  82.6804 0003737 355.0777 114.3121  1.00269897 63225
1 31102U 07009A   24153.54910390  .00000003  00000-0  00000+0 0  9991
2 31102   0.0166 307.0096 0002299 108.9831 273.4889  1.00269382 62863
1 31306U 07016A   24153.85224800  .00000123  00000-0  00000+0 0  9996
2 31306   0.0548 321.6940 0002505  49.0302 206.0909  1.00268325 62569
1 31307U 07016B   24153.46564885 -.00000201  00000-0  00000-0 0  9993
2 31307   1.0781  89.5561 0003956   4.2771 239.2190  1.00269756 62326
1 31395U 07018A   24153.20825583  .00000043  00000-0  00000-0 0  9992
2 31395  10.6386  38.4023 0008074  73.2449 273.4167  1.00207520 62572
1 31800U 07031A   24153.84632594 -.00000357  00000-0  00000+0 0  9994
2 31800   0.4761  91.5385 0002677 322.8664 256.3787  1.00273195 61997
1 31862U 07032A   24153.39841247 -.00000099  00000-0  00000-0 0  9994
2 31862   0.0385 160.1985 0000364  27.2638 103.5475  1.00270281 38118
1 32018U 07036A   24153.74910281 -.00000228  00000-0  00000+0 0  9999
2 32018   2.0606  85.8272 0003141  19.2727 176.5311  0.99138900 61638
1 32019U 07036B   24153.85188032 -.00000346  00000-0  00000+0 0  9994
2 32019   0.0398 209.7909 0000936 338.0360 119.5196  1.00272153 61598
1 32050U 07037A   24153.52490796  .00000060  00000-0  00000-0 0  9990
2 32050   4.9607  78.5480 0003624   1.8799 212.2283  0.99218282 43771
1 32252U 07044A   24153.58595003 -.00000106  00000-0  00000-0 0  9997
2 32252   0.1421  93.4319 0003435 337.1129 191.0011  1.00271499 61096
1 32253U 07044B   24153.78591106 -.00000265  00000-0  00000+0 0  9995
2 32253   1.6253  87.9667 0003190 352.1068  50.5991  1.00271308 61058
1 32258U 07046A   24153.41854899 -.00000175  00000-0  00000-0 0  9994
2 32258   0.0428 104.6899 0000479  55.6778 228.1498  0.99737798 44866
1 32293U 07056A   24153.40887814 -.00000206  00000-0  00000-0 0  9991
2 32293   2.8182  84.9075 0007902 181.6925 120.1729  0.99067769  7995
1 32294U 07056B   24153.55910787  .00000145  00000-0  00000-0 0  9995
2 32294   3.3481  82.2767 0003381 347.1684  47.4697  1.00271719 60721
1 32299U 07057A   24153.84500240  .00000036  00000-0  00000+0 0  9990
2 32299   0.0192 313.5731 0002715 106.9834 139.2621  1.00269926 60485
1 32373U 07058A   24153.17341203 -.00000138  00000-0  00000-0 0  9997
2 32373   8.4990  58.5731 0003301  18.8989 335.2621  0.99394335 44970
1 32387U 07063A   24153.32038323 -.00000049  00000-0  00000-0 0  9992
2 32387   9.9263  47.6124 0012375  61.6937 168.5775  0.99062322 60084
1 32388U 07063B   24153.53944075 -.00000250  00000-0  00000+0 0  9999
2 32388   0.6719  89.8198 0001907 346.2247 294.8616  1.00278271 60401
1 32404U 08001A   24153.50219837 -.00000301  00000-0  00000-0 0  9997
2 32404   4.8329  32.3240 0002547  39.9078  97.5162  1.00272089 60015
1 32478U 08003A   24153.57329255 -.00000294  00000-0  00000-0 0  9994
2 32478   2.8865  84.5146 0004188 148.2230 320.4426  1.00384115 46266
1 32487U 08006A   24153.55388653 -.00000006  00000-0  00000-0 0  9993
2 32487   0.0145 308.3677 0002269 122.1875  18.6010  1.00269597 59846
1 32500U 08007A   24153.27584346  .00000019  00000-0  00000-0 0  9999
2 32500   6.7142  70.2514 0004807  28.7081 316.8056  1.00151415 59412
1 32708U 08011A   24153.83799389  .00000062  00000-0  00000+0 0  9998
2 32708  23.0684  29.4840 0042324   3.7085 176.7364  1.00270477 60626
1 32729U 08013A   24153.39841247 -.00000121  00000-0  00000-0 0  9993
2 32729   0.0155 113.9007 0000836  41.7135 138.9907  1.00268546 38117
1 32763U 08016A   24153.38100830 -.00000170  00000-0  00000-0 0  9993
2 32763   4.8862  34.8889 0002298  23.7615 236.0070  1.00272518 59060
1 32767U 08018A   24153.36572657 -.00000325  00000-0  00000-0 0  9999
2 32767   0.0117 351.4804 0001352  77.0142  85.4534  1.00272837 59118
1 32768U 08018B   24153.54118120 -.00000273  00000-0  00000-0 0  9993
2 32768   0.0279 339.0250 0002471  98.0391 303.2632  1.00269948 59172
1 32794U 08022A   24153.33857552 -.00000032  00000-0  00000-0 0  9996
2 32794   0.0238 267.5626 0001020 137.8528 322.6425  1.00268962 74853
1 32951U 08024A   24153.55466119  .00000029  00000-0  00000-0 0  9997
2 32951   0.0167   2.0252 0002941  68.0227 257.1355  1.00270091 38377
1 33051U 08028A   24153.86438196 -.00000243  00000-0  00000+0 0  9999
2 33051   0.0418 131.3976 0004606 315.6071 207.2148  1.00270997 58536
1 33055U 08030A   24153.69372212 -.00000136  00000-0  00000+0 0  9994
2 33055   1.8683  85.5223 0003589 346.7522  50.3209  1.00271437 58426
1 33056U 08030B   24153.27618582  .00000150  00000-0  00000-0 0  9998
2 33056   0.0487 124.2961 0005190 317.4141 309.9632  1.00267643 44873
1 33108U 08033A   24152.81882891 -.00000142  00000-0  00000-0 0  9996
2 33108   9.1486  46.6404 0004253 139.8749  77.8488  1.00266891 58305
1 33111U 08033D   24152.81924223 -.00000022  00000-0  00000-0 0  9993
2 33111   9.1273  46.7796 0030386 324.7770 239.5015  1.00302391 58324
1 33153U 08034A   24153.31855116 -.00000220  00000-0  00000-0 0  9990
2 33153   0.7789  89.4449 0003095 349.5600 254.4609  1.00271622 58217
1 33154U 08034B   24153.55936894  .00000149  00000-0  00000-0 0  9999
2 33154   0.9203  86.9999 0009806 353.6385  37.4578  1.00269003 58286
1 33207U 08035A   24153.53799528 -.00000053  00000-0  00000+0 0  9992
2 33207   0.0326  79.0515 0002874 337.8920 277.2404  1.00270419 58180
1 33274U 08038A   24153.59008028 -.00000248  00000-0  00000-0 0  9990
2 33274   0.4310  91.1857 0000464 328.6574 187.0702  1.00269823 98259
1 33275U 08038B   24153.55466119  .00000040  00000-0  00000-0 0  9995
2 33275   1.0169  90.1923 0002871 335.5461 259.5561  1.00271751 58019
1 33278U 08039A   24153.67779698 -.00000138  00000-0  00000+0 0  9999
2 33278   3.6981  27.2703 0002652  49.6645 319.7079  1.00271880 57793
1 33373U 08044A   24153.60942333 -.00000217  00000-0  00000+0 0  9990
2 33373   0.0165 312.0321 0002125 106.8448 329.0800  1.00276281 57366
1 33376U 08045A   24153.44248840 -.00000135  00000-0  00000-0 0  9998
2 33376   0.0385 101.7597 0002742 328.7445 242.2034  1.00272372 57427
1 33414U 08055A   24153.60951061 -.00000285  00000-0  00000-0 0  9992
2 33414   3.8359  81.8978 0060251 173.9738 343.4344  0.99272810 57058
1 33436U 08057A   24153.85224859  .00000124  00000-0  00000+0 0  9993
2 33436   0.0805  90.2999 0004578   9.6463 116.8740  1.00272403 57002
1 33453U 08063A   24153.55963000 -.00000017  00000-0  00000-0 0  9997
2 33453   0.8354  91.1340 0010703 324.5690  63.7953  0.99023596 56645
1 33459U 08065A   24153.40853005 -.00000097  00000-0  00000-0 0  9990
2 33459   1.0244  87.3796 0004532 344.1589 313.3784  1.00271417 39863
1 33463U 08066A   24153.89996955 -.00000207  00000-0  00000+0 0  9993
2 33463   7.5509  60.7040 0002346  35.9254 235.1100  0.99120155 56619
1 33595U 09007A   24153.40879112 -.00000085  00000-0  00000-0 0  9992
2 33595   1.5378  87.4621 0003820 345.4948 313.5865  1.00270857 44806
1 33596U 09007B   24153.45140340 -.00000008  00000-0  00000-0 0  9997
2 33596   8.4827  59.6088 0011709 345.5096 211.5349  0.99113035 55683
1 33749U 09008A   24153.59053941  .00000076  00000-0  00000-0 0  9997
2 33749   0.0239 313.0351 0002104 111.9584 221.2235  1.00273794 56049
1 33750U 09008B   24153.44264216 -.00000144  00000-0  00000-0 0  9999
2 33750   0.7446  88.8874 0004473 352.2407 233.2404  1.00269634 55969
1 34111U 09009A   24153.68980609 -.00000247  00000-0  00000+0 0  9992
2 34111   0.0179 359.9869 0002233  67.4945  33.9573  1.00271383 55941
1 34264U 09010A   24153.85994444  .00000093  00000-0  00000+0 0  9992
2 34264  10.6431  48.3832 0012668  17.1565 164.3406  0.99824087 55722
1 34265U 09010B   24153.51275253  .00000055  00000-0  00000-0 0  9995
2 34265  10.6394  48.3618 0002102 349.0993 226.9809  1.00015832 55733
1 34713U 09017A   24153.20773370  .00000071  00000-0  00000-0 0  9997
2 34713   0.0192 327.3910 0000288 227.4886 187.5808  1.00270303 38130
1 34941U 09027A   24153.57568137 -.00000342  00000-0  00000-0 0  9996
2 34941   0.0544  82.6526 0000652 295.9223 187.4769  1.00271043 55145
1 35362U 09032A   24153.24563238 -.00000107  00000-0  00000-0 0  9990
2 35362   0.0548 121.6077 0002948 306.6941  70.2998  1.00270983   559
1 35491U 09033A   24153.53799528 -.00000061  00000-0  00000-0 0  9998
2 35491   0.3030 105.8235 0003704 341.6724 248.0905  1.00271960 54637
1 35493U 09034A   24153.39391024 -.00000196  00000-0  00000-0 0  9993
2 35493   0.0186 297.2129 0000993 305.6713  63.1395  1.00270980 39162
1 35496U 09035A   24153.43992708 -.00000054  00000-0  00000-0 0  9991
2 35496   4.4004  47.4264 0002729  23.1566 227.1928  1.00271996 54657
1 35696U 09042A   24153.85188032 -.00000304  00000-0  00000+0 0  9991
2 35696   0.0186  85.5964 0001794 324.9158 247.5093  1.00272839 54197
1 35755U 09044A   24153.72352023 -.00000324  00000-0  00000+0 0  9990
2 35755   0.0817  96.0414 0001877   2.4505 184.7078  1.00269661 54180
1 35756U 09044B   24153.57896574 -.00000144  00000-0  00000-0 0  9999
2 35756   0.0384  24.2024 0003854  32.4803 198.2857  1.00271791 54082
1 35873U 09050A   24153.53970182 -.00000253  00000-0  00000-0 0  9991
2 35873   0.0428 108.5189 0002649 319.1825 304.3937  1.00272104 53873
1 35942U 09054A   24153.54196441 -.00000278  00000-0  00000-0 0  9998
2 35942   0.0607 116.1380 0004565 347.9368 280.5613  1.00270273 53700
1 35943U 09054B   24153.56667883  .00000028  00000-0  00000-0 0  9996
2 35943   0.0101 326.7917 0002644 112.1051  78.6860  1.00268783 53828
1 36032U 09058A   24153.56511243  .00000075  00000-0  00000-0 0  9990
2 36032   0.0971  86.5372 0003986 351.0859  73.3388  1.00271580 53443
1 36033U 09058B   24153.55388653 -.00000006  00000-0  00000-0 0  9992
2 36033   0.0119 139.1258 0001702 309.1699   0.7773  1.00269908 53528
1 36097U 09064A   24153.32966008 -.00000270  00000-0  00000-0 0  9993
2 36097   0.0199  42.6431 0002716  44.5517 236.7958  1.00271379 53129
1 36101U 09065A   24153.56128344  .00000159  00000-0  00000-0 0  9994
2 36101   0.0688  11.8741 0005218  59.2837  57.3167  1.00272402 53248
1 36106U 09067A   24153.86993890 -.00000181  00000-0  00000+0 0  9995
2 36106   0.0226 322.1107 0002161 120.6655 206.3809  1.00270400 53122
1 36108U 09068A   24153.47409007 -.00000264  00000-0  00000-0 0  9990
2 36108   0.0148 343.5457 0000293 312.0273  82.7548  1.00269464 39127
1 36131U 09075A   24153.45396574 -.00000099  00000-0  00000-0 0  9992
2 36131   0.0315 108.0953 0000482 240.0600 322.9865  1.00269655 39086
1 36287U 10001A   24153.80686314 -.00000277  00000-0  00000+0 0  9995
2 36287   2.5815  57.9711 0004288 312.3292 311.3526  1.00274162 52699
1 36358U 10002A   24153.57102997 -.00000178  00000-0  00000-0 0  9990
2 36358   1.6827  88.6446 0001606 339.8613 112.5447  1.00266984 42616
1 36395U 10005A   24153.37380500 -.00000060  00000-0  00000-0 0  9990
2 36395  33.0941  97.8365 0001041 218.8486 326.5030  1.00271178 52585
1 36397U 10006A   24153.53900564 -.00000241  00000-0  00000-0 0  9990
2 36397   0.0064 324.1012 0002170 134.8775 269.3664  1.00271532 52170
1 36411U 10008A   24153.88635104  .00000042  00000-0  00000+0 0  9999
2 36411   0.2608  89.9936 0001566 105.2527  76.2256  1.00266387 52151
1 36499U 10010A   24153.47757868  .00000004  00000-0  00000-0 0  9994
2 36499   0.0175 303.2335 0001883 135.4183 224.8228  1.00269958 39077
1 36516U 10016A   24153.46251604 -.00000110  00000-0  00000-0 0  9995
2 36516   0.0195 316.3356 0002826 115.4337 244.1617  1.00271058 51552
1 36581U 10021A   24153.51438396  .00000141  00000-0  00000-0 0  9997
2 36581   0.0304  24.1943 0004320  50.4624  24.5192  1.00273426 51403
1 36582U 10021B   24153.84673619  .00000092  00000-0  00000+0 0  9997
2 36582   0.0929  91.0516 0002328 353.3542 124.3955  1.00272987 51515
1 36590U 10024A   24153.56998569 -.00000133  00000-0  00000-0 0  9990
2 36590   2.7726  60.8889 0009259 348.4478 126.0416  1.00271801 51298
1 36592U 10025A   24153.58730044  .00000148  00000-0  00000+0 0  9991
2 36592   0.0085 109.1843 0004432 357.8929  20.9299  1.00266674 51427
1 36744U 10032A   24153.72273705 -.00000340  00000-0  00000+0 0  9995
2 36744   2.8955  84.5912 0000876 340.1778 214.2254  1.00271579 51171
1 36745U 10032B   24153.56015214  .00000157  00000-0  00000-0 0  9993
2 36745   0.0773  58.0680 0005476  20.8738  43.7282  1.00272392 51177
1 36792U 10034A   24153.39988558 -.00000278  00000-0  00000-0 0  9993
2 36792   0.0471  97.9173 0002047 314.6257 280.1329  1.00273202 50847
1 36828U 10036A   24153.45478308 -.00000044  00000-0  00000-0 0  9990
2 36828  54.2507 169.7043 0042281 206.8199 144.5359  1.00286800 50724
1 36830U 10037A   24153.69589767 -.00000054  00000-0  00000+0 0  9992
2 36830   0.0262  87.8241 0003799  11.3907  34.9811  1.00270677 50811
1 36831U 10037B   24153.55466972  .00000022  00000-0  00000-0 0  9995
2 36831   0.0524  97.7893 0005849 333.3200  21.9890  1.00272098 50820
1 36868U 10039A   24153.55493080  .00000028  00000-0  00000-0 0  9993
2 36868   6.3417  77.5167 0004407  31.8607 344.8993  1.00272526 46181
1 37150U 10042A   24153.59008028 -.00000313  00000-0  00000-0 0  9998
2 37150   2.2927  86.6608 0002822 322.3496 197.4152  0.99705215 50447
1 37185U 10053A   24153.47757868 -.00000019  00000-0  00000-0 0  9991
2 37185   0.0159  44.5786 0000165 165.7194  96.8853  1.00270744 50009
1 37207U 10056B   24153.62588802 -.00000347  00000-0  00000-0 0  9990
2 37207   0.0330 331.7150 0002460  22.2086 231.8488  1.00271152 44639
1 37210U 10057A   24153.58595003 -.00000108  00000-0  00000-0 0  9996
2 37210   1.8087  68.6092 0003011 173.1889  19.7888  1.00270858 49816
1 37218U 10061A   24153.53395833 -.00000114  00000-0  00000-0 0  9990
2 37218   3.5881  48.1319 0002724 356.6420 296.6327  1.00270035 49719
1 37237U 10065A   24153.70933716 -.00000359  00000-0  00000+0 0  9992
2 37237   3.7383  82.0815 0001168 332.3864 208.7660  1.00271630 49537
1 37238U 10065B   24153.50327229  .00000002  00000-0  00000-0 0  9992
2 37238   0.0062  54.4715 0002887  33.1166  50.0520  1.00271740 45760
1 37256U 10068A   24153.63341309 -.00000231  00000-0  00000-0 0  9999
2 37256  48.9082 281.0107 0035235 209.0381  94.6939  1.00254519 49310
1 37258U 10069A   24153.55580101  .00000066  00000-0  00000-0 0  9993
2 37258   0.0660 291.2161 0003169 184.7049 343.6982  1.00273043 36535
1 37264U 10070A   24153.33344118 -.00000212  00000-0  00000-0 0  9998
2 37264   0.0446 129.6030 0005388 324.2930 246.4253  1.00272711 45709
1 37265U 10070B   24153.84632594 -.00000358  00000-0  00000+0 0  9993
2 37265   0.0122 318.7290 0001305 120.4962 232.2420  1.00271004 49219
1 37344U 11001A   24152.97202316  .00000112  00000-0  00000-0 0  9992
2 37344   7.9762  61.7214 0006382  21.0353 177.5550  1.00204345 49000
1 37384U 11013A   24152.64677498 -.00000209  00000-0  00000-0 0  9998
2 37384  61.3278  47.2702 0026129 175.7745   7.0320  1.00262268 48171
1 37392U 11016A   24153.86214059  .00000159  00000-0  00000+0 0  9997
2 37392   0.0114 357.8144 0001410  95.6246 140.5478  1.00272969 48043
1 37393U 11016B   24153.50882663  .00000105  00000-0  00000-0 0  9993
2 37393   0.0158 295.3007 0002799 170.9688  19.8679  1.00270315 34931
1 37481U 11019A   24153.88944990 -.00000001  00000-0  00000+0 0  9992
2 37481   2.9674  48.3592 0001866  16.9807 211.4108  1.00272090 47869
1 37602U 11021A   24153.39843542 -.00000276  00000-0  00000-0 0  9992
2 37602   0.0375 100.1824 0003050 314.1577 276.4692  1.00271101 48356
1 37605U 11022A   24153.56502542  .00000088  00000-0  00000-0 0  9997
2 37605   0.1993  92.0407 0002994 202.5488 214.4328  1.00269845 45749
1 37606U 11022B   24153.55118972 -.00000208  00000-0  00000-0 0  9992
2 37606   0.0162 296.2222 0001393 135.0055 105.7244  1.00272605 47808
1 37677U 11026A   24153.83458639 -.00000348  00000-0  00000+0 0  9996
2 37677   0.0529 269.0172 0003116 236.9341 155.8181  1.00272056 47490
1 37748U 11035A   24151.60151830 -.00000098  00000-0  00000-0 0  9994
2 37748   0.0298  36.9654 0002798  31.7910 293.3872  1.00270684 47092
1 37749U 11035B   24152.92728595 -.00000194  00000-0  00000-0 0  9996
2 37749   0.0418 250.2627 0000926 262.6079 157.3624  1.00270580 45907
1 37775U 11041A   24152.83591124  .00000123  00000-0  00000-0 0  9999
2 37775   0.0920  56.0237 0005626   3.9211 150.0009  1.00272471 37043
1 37776U 11041B   24153.85188032 -.00000347  00000-0  00000+0 0  9991
2 37776   0.0190 306.7646 0000013 202.7414 157.9234  1.00272701 47044
1 37779U 11042A   24153.86653800  .00000158  00000-0  00000+0 0  9995
2 37779   0.0539 103.1451 0002088 295.1811 202.4690  1.00271788 46807
1 37804U 11047A   24153.87534028  .00000144  00000-0  00000+0 0  9995
2 37804   1.7889  87.9577 0002571 299.7825 226.2693  1.00024027 46586
1 37806U 11048A   24149.24970069 -.00000275  00000-0  00000-0 0  9990
2 37806   3.6573  82.7020 0002935  71.9875 129.6682  1.00342972 46513
1 37809U 11049A   24153.46530076 -.00000192  00000-0  00000-0 0  9991
2 37809   0.0155   7.5666 0002274  62.2934 261.0727  1.00272322 46487
1 37810U 11049B   24153.55806360  .00000127  00000-0  00000-0 0  9992
2 37810   0.0496   5.4869 0003951 116.0531 349.8900  1.00269632 46582
1 37816U 11051A   24153.69581066 -.00000057  00000-0  00000+0 0  9991
2 37816   0.0622 356.2323 0003530  93.4591  44.1611  1.00271299 46494
1 37826U 11054A   24153.38969337 -.00000238  00000-0  00000-0 0  9994
2 37826   0.0253  40.4372 0003034  50.8246 222.3845  1.00270322 42406
1 37834U 11056A   24153.52896552  .00000056  00000-0  00000-0 0  9996
2 37834   0.0157  17.6368 0001893  65.4595 177.8283  1.00272044 46338
1 37836U 11057A   24153.10327146  .00000107  00000-0  00000-0 0  9998
2 37836   0.0669 358.6520 0005388  73.4961 231.1024  1.00269760   513
1 37843U 11059A   24153.43757328 -.00000020  00000-0  00000-0 0  9998
2 37843   0.0160 355.5212 0002279  82.3479 214.9528  1.00269712 39843
1 37933U 11069A   24153.85188032 -.00000330  00000-0  00000+0 0  9998
2 37933   0.0587 109.5975 0001586 303.8144 249.6017  1.00272248 45987
1 37948U 11073A   24153.81646642 -.00000171  00000-0  00000+0 0  9994
2 37948  49.0396 280.6934 0097575 218.9832 137.3197  1.00255053 45924
1 37950U 11074A   24153.48583813  .00000105  00000-0  00000-0 0  9998
2 37950   7.0242  68.7001 0004056  18.0036 355.3198  1.00276406 45522
1 37951U 11074B   24153.51577059 -.00000045  00000-0  00000-0 0  9992
2 37951   6.8458  85.2234 0003961 357.8267 159.9882  1.00269808 45576
1 38014U 11077A   24153.27635987  .00000148  00000-0  00000-0 0  9997
2 38014   0.0257 239.2611 0001034  85.0947  67.8882  1.00276254 45473
1 38049U 12002A   24153.53603354 -.00000354  00000-0  00000-0 0  9996
2 38049   5.5563  73.2882 0002579  84.5292  37.8822  1.00265844 45406
1 38070U 12003A   24153.28382539 -.00000211  00000-0  00000-0 0  9994
2 38070   0.0122 341.1258 0000526 309.9904 149.7311  1.00268172 36659
1 38072U 12002C   24153.45873868  .00000080  00000-0  00000-0 0  9997
2 38072   7.3950  65.0576 0060190 187.7271  16.6048  0.99394834 44422
1 38087U 12007A   24153.31299383 -.00000164  00000-0  00000-0 0  9991
2 38087   0.0236  30.9934 0002498  49.6761 260.2942  1.00271782 44745
1 38091U 12008A   24153.88424688  .00000061  00000-0  00000+0 0  9991
2 38091   2.0397  70.7694 0006139 271.7930 285.4256  1.00265485 45007
1 38093U 12009A   24153.45396574 -.00000124  00000-0  00000-0 0  9991
2 38093   4.0169  44.5837 0058617   2.5910 266.6869  1.00270777 44967
1 38098U 12011A   24153.76577111 -.00000055  00000-0  00000+0 0  9993
2 38098   0.0119 112.6124 0001935 335.9296 149.9500  1.00273229 44577
1 38101U 12012A   24153.52835417  .00000121  00000-0  00000+0 0  9992
2 38101   7.1204  63.2779 0001851 255.6588 316.1557  1.00339281 44594
1 38104U 12012D   24153.19663558 -.00000286  00000-0  00000-0 0  9997
2 38104   7.1006  63.5039 0011196 293.1421 270.1500  1.00194083 44580
1 38107U 12013A   24153.86993890 -.00000098  00000-0  00000+0 0  9990
2 38107   0.0200  68.4883 0002748  17.4037 194.6097  1.00271623 44694
1 38245U 12016A   24152.63349788  .00000130  00000-0  00000-0 0  9998
2 38245   0.0394 126.6138 0002883 334.5392  64.1099  1.00272338 38115
1 38254U 12019A   24153.39841247 -.00000157  00000-0  00000-0 0  9992
2 38254   4.9271  61.7021 0001077 337.7171 260.1879  1.00271871 43375
1 38331U 12023A   24153.74910281 -.00000352  00000-0  00000+0 0  9993
2 38331   0.0429 120.6577 0002467 324.0630 199.6739  1.00270960 44096
1 38332U 12023B   24153.56854843 -.00000325  00000-0  00000-0 0  9996
2 38332   0.0162   3.7972 0002381  76.1591 147.0995  1.00272335 39180
1 38342U 12026A   24153.46443054 -.00000170  00000-0  00000-0 0  9995
2 38342   0.0093 357.5368 0002594  63.2609 265.7242  1.00271582 42940
1 38352U 12028A   24153.86438196 -.00000289  00000-0  00000+0 0  9993
2 38352   0.0334 180.5760 0002154 220.8540 258.8387  1.00270129 44161
1 38356U 12030A   24153.56229837 -.00000053  00000-0  00000-0 0  9997
2 38356   0.0404  94.6326 0002855 341.7472 182.5780  1.00270912 42967
1 38551U 12035A   24153.44333348 -.00000071  00000-0  00000-0 0  9999
2 38551   0.0174 336.0176 0001533 101.2929 225.5966  1.00267999 43586
1 38552U 12035B   24153.33944574 -.00000002  00000-0  00000-0 0  9991
2 38552   2.9307  60.8714 0001618 298.3495  13.4368  1.00274870 43379
1 38652U 12036A   24152.26711137  .00000037  00000-0  00000+0 0  9997
2 38652   0.0350 318.2247 0001941 112.8425 279.3234  1.00268468 43573
1 38740U 12043A   24153.49619382 -.00000021  00000-0  00000-0 0  9993
2 38740   0.0093  92.4784 0000471 111.7655 293.3678  1.00269048 43272
1 38741U 12043B   24151.68243696 -.00000209  00000-0  00000+0 0  9991
2 38741   0.4919  90.3737 0003496 350.2670 195.9675  1.00540237 43351
1 38749U 12045A   24153.43521507 -.00000281  00000-0  00000-0 0  9997
2 38749   0.0402 115.3423 0001809 320.9213 272.8272  1.00272326 43040
1 38778U 12051A   24153.55971703  .00000153  00000-0  00000-0 0  9993
2 38778   0.0695 256.2160 0000624 292.6116 291.3979  1.00267539 33656
1 38779U 12051B   24153.71373730 -.00000161  00000-0  00000+0 0  9997
2 38779   0.0290 256.2894 0001115  93.0175 241.3424  1.00270588 42812
1 38867U 12057A   24153.40043694 -.00000281  00000-0  00000-0 0  9994
2 38867   0.0220 245.8117 0000648 158.0721 297.6709  1.00270068 42468
1 38953U 12059A   24153.57085591 -.00000172  00000-0  00000-0 0  9991
2 38953   2.5209  80.6144 0010271 313.6089 145.7628  1.00274692 42439
1 38977U 12061A   24152.97839156 -.00000135  00000-0  00000-0 0  9996
2 38977   8.8539  56.8496 0003374  83.5957  85.4305  1.00271635 42120
1 38978U 12061B   24153.66204587  .00000075  00000-0  00000+0 0  9999
2 38978   0.0186 343.4571 0000442 248.3320  80.1361  1.00270549 42396
1 38991U 12062A   24153.53917969 -.00000245  00000-0  00000-0 0  9997
2 38991   0.0216 286.6238 0001917 175.8835 267.1048  1.00272502 42273
1 38992U 12062B   24153.55841170  .00000133  00000-0  00000-0 0  9995
2 38992   0.0669 359.2437 0002882  67.6273  46.2811  1.00269537 42357
1 39008U 12065A   24153.33521720 -.00000278  00000-0  00000+0 0  9999
2 39008   0.0180 340.7503 0001363 101.9629 226.7741  1.00269409 42325
1 39017U 12067A   24153.86993890 -.00000203  00000-0  00000+0 0  9998
2 39017   0.0378 116.9802 0003015 312.2892 222.2171  1.00272535 42236
1 39020U 12069A   24153.49636786 -.00000040  00000-0  00000-0 0  9991
2 39020   0.0626 358.4727 0003749  63.8449  77.3270  1.00271389 42039
1 39022U 12070A   24153.56502542  .00000090  00000-0  00000-0 0  9999
2 39022   0.0297 123.5356 0003723 308.9353  76.3577  1.00270787 41920
1 39034U 12075A   24153.87863800  .00000103  00000-0  00000+0 0  9992
2 39034   0.0659 348.0931 0003645  89.9354 181.8787  1.00269617 42047
1 39035U 12075B   24153.54910390 -.00000021  00000-0  00000-0 0  9995
2 39035   0.0454 101.5245 0002030 303.2094 288.6704  1.00269911 41705
1 39070U 13004A   24153.66256800  .00000081  00000-0  00000+0 0  9993
2 39070   2.7400  11.1487 0006478  45.6578 257.9298  1.00269016 41514
1 39078U 13006A   24153.54196441 -.00000279  00000-0  00000+0 0  9994
2 39078   0.0305 233.3217 0001971 233.6213 277.6682  1.00273216 41494
1 39079U 13006B   24153.05188228  .00000136  00000-0  00000-0 0  9997
2 39079   0.0184 350.6493 0001956 111.5853 212.4932  1.00274563 41329
1 39120U 13011A   24153.47504730 -.00000254  00000-0  00000-0 0  9998
2 39120   2.9543  46.9317 0001908  17.3391 319.1851  1.00271192 41053
1 39122U 13012A   24153.54910390 -.00000009  00000-0  00000-0 0  9990
2 39122   0.0451  75.6542 0002855   0.6181 255.1197  1.00271285 40958
1 39127U 13014A   24153.53244076 -.00000070  00000-0  00000-0 0  9995
2 39127   0.0128 291.9744 0001242 126.8424 276.0557  1.00271348 40773
1 39157U 13020A   24153.86438196 -.00000286  00000-0  00000+0 0  9997
2 39157   0.0158 300.2333 0002443  41.7661 317.9243  1.00269827 40674
1 39163U 13022A   24153.10882604  .00000051  00000-0  00000-0 0  9990
2 39163   0.0743  24.1525 0004679  12.7806 259.3198  1.00272063 40481
1 39168U 13024A   24152.79979981 -.00000281  00000-0  00000-0 0  9992
2 39168   0.0151 336.5537 0000312 293.8029 214.8529  1.00268517 39684
1 39172U 13026A   24153.32966008 -.00000257  00000-0  00000-0 0  9998
2 39172   0.0424  59.8120 0002405 354.4896 274.1664  1.00270108 40248
1 39199U 13034A   24152.86438285  .00000072  00000-0  00000-0 0  9999
2 39199  34.0429  74.6911 0018242 182.8761 358.6024  1.00279407 39889
1 39206U 13036A   24153.85466250  .00000068  00000-0  00000+0 0  9997
2 39206   3.6025  40.3648 0050599 178.5789 162.5174  1.00274535 39832
1 39215U 13038A   24153.27279194  .00000136  00000-0  00000-0 0  9991
2 39215   2.8912   7.6975 0002150  59.5374 306.0471  1.00269648 36544
1 39216U 13038B   24153.56230146 -.00000153  00000-0  00000-0 0  9998
2 39216   0.0148 274.9641 0000764 358.9389 261.1596  1.00271733 39603
1 39222U 13041A   24153.56021572  .00000093  00000-0  00000+0 0  9991
2 39222   0.0149 332.7953 0000425 315.0837  29.1348  1.00268995 39586
1 39233U 13044A   24153.55919490  .00000147  00000-0  00000-0 0  9991
2 39233   0.0558  25.0636 0002095  41.9706  50.3075  1.00273521 39154
1 39234U 13044B   24151.42199411 -.00000074  00000-0  00000-0 0  9999
2 39234   0.1258  93.4732 0005644 187.8540 193.0161  1.00271553 37835
1 39237U 13045A   24153.49549763  .00000011  00000-0  00000-0 0  9991
2 39237   0.0134 302.6948 0002438  94.5674  96.5742  1.00272213 39483
1 39256U 13050A   24153.59497757  .00000137  00000-0  00000-0 0  9993
2 39256   3.4385  72.9136 0045550 180.3523  56.4058  1.00269944 38193
1 39285U 13056A   24153.20882737  .00000153  00000-0  00000-0 0  9993
2 39285   0.0617  22.4255 0002616  34.7897 296.6398  1.00268636 38956
1 39360U 13058A   24152.95855042 -.00000013  00000-0  00000-0 0  9995
2 39360   0.0036 358.5483 0000452 302.3245 177.9837  1.00272077 38580
1 39375U 13062A   24153.86413841  .00000158  00000-0  00000+0 0  9992
2 39375   4.0546  81.4753 0003116 208.9296 306.5009  1.00270491 38652
1 39460U 13071A   24153.55118972 -.00000266  00000-0  00000-0 0  9992
2 39460   0.0142 281.9465 0002814 162.4761  99.5318  1.00271347 36951
1 39476U 13073A   24153.88744991  .00000032  00000-0  00000+0 0  9992
2 39476   0.0183 344.9040 0000236 184.8376 103.1837  1.00270599 38451
1 39481U 13075A   24153.46521375 -.00000190  00000-0  00000-0 0  9990
2 39481   0.0238 223.2204 0002617 189.2055 278.2765  1.00269085 38112
1 39487U 13077A   24153.72508664 -.00000276  00000-0  00000+0 0  9997
2 39487   0.0158 299.4018 0000210   0.8348 351.5143  1.00270916 38858
1 39498U 14001A   24153.71199685 -.00000073  00000-0  00000+0 0  9990
2 39498   0.0283 257.4907 0001775  25.5835 297.9250  1.00271114 38103
1 39500U 14002A   24153.71286708 -.00000117  00000-0  00000+0 0  9997
2 39500   0.0584 133.9238 0002760 347.6164 104.2558  1.00271320 38047
1 39504U 14004A   24153.47443816 -.00000268  00000-0  00000-0 0  9999
2 39504   3.5530   3.0460 0003004 183.3533 193.9758  1.00271111 36808
1 39508U 14006A   24153.56913161 -.00000083  00000-0  00000-0 0  9995
2 39508   0.0098 357.0344 0003335  74.1607  99.1524  1.00270944 37804
1 39509U 14006B   24153.56163153  .00000158  00000-0  00000-0 0  9996
2 39509   0.0141 331.8938 0001093 100.9073  57.6984  1.00271018 37607
1 39522U 14007A   24153.41923385  .00000150  00000-0  00000-0 0  9999
2 39522   0.0208 268.4952 0000938 101.1491  73.6488  1.00271516 37498
1 39612U 14010A   24153.56528647  .00000082  00000-0  00000-0 0  9995
2 39612   0.0187 305.3111 0000191  53.6123 151.1208  1.00273046 37342
1 39613U 14010B   24153.60118888 -.00000278  00000-0  00000-0 0  9991
2 39613   0.0189 303.9488 0000400  19.5408 283.3515  1.00270981 37025
1 39616U 14011A   24153.53944075 -.00000248  00000-0  00000-0 0  9999
2 39616   0.0727 125.7591 0003505 315.3000 289.6560  1.00269233 37224
1 39617U 14011B   24153.55875978  .00000141  00000-0  00000-0 0  9998
2 39617   0.0453 329.6561 0002048  95.1941  50.3219  1.00272060 37193
1 39635U 14017A   24153.87923743  .00000090  00000-0  00000+0 0  9995
2 39635  29.0129 253.0867 0023328 183.6417 185.7269  1.00278236 37311
1 39688U 76004E   24153.32308549 -.00000219  00000-0  00000-0 0  9993
2 39688   5.1612 278.3862 0055370 170.7840 195.3033  1.00285147 35307
1 39727U 14023A   24153.86438196 -.00000265  00000-0  00000+0 0  9991
2 39727   3.2601  76.1465 0001797  39.5410 181.0935  1.00271337555036
1 39728U 14023B   24153.88414807  .00000064  00000-0  00000+0 0  9993
2 39728   0.0147  14.5651 0000565 106.7033 146.3955  1.00270825 36963
1 39773U 14030A   24153.55475674  .00000023  00000-0  00000-0 0  9990
2 39773   0.0621 357.9008 0002738  99.5114 355.9016  1.00270364 36596
1 40000U 04042D   24151.15338309 -.00000186  00000-0  00000-0 0  9995
2 40000  11.9579  24.7833 0056913  81.5012 279.1065  1.00339563  5089
1 40100U 14043B   24153.69337403 -.00000230  00000-0  00000+0 0  9992
2 40100   2.7767  85.4006 0002318 318.2816  76.9592  0.99132552 20187
1 40107U 14046A   24153.69650684 -.00000030  00000-0  00000+0 0  9999
2 40107   0.0119 296.0260 0001800 157.6663  43.8401  1.00270838 36023
1 40141U 14052A   24153.59563448 -.00000359  00000-0  00000-0 0  9999
2 40141   0.0154 324.0169 0000549  85.3763 175.5052  1.00269620 35590
1 40146U 14054A   24153.71576943 -.00000144  00000-0  00000+0 0  9995
2 40146   0.0284 286.5629 0002985 169.3971 208.3840  1.00270187 35648
1 40147U 14054B   24153.55118972 -.00000238  00000-0  00000-0 0  9997
2 40147   0.0684  65.7250 0003347  11.2688 103.4613  1.00270916 35444
1 40258U 14058A   24153.31299383 -.00000139  00000-0  00000-0 0  9994
2 40258   0.1123  93.8577 0001386 333.2787 277.6975  1.00263218 33516
1 40267U 14060A   24153.72526069 -.00000272  00000-0  00000+0 0  9993
2 40267   0.0172 108.5543 0000739 335.8990 207.9852  1.00271054 35385
1 40269U 14061A   24153.42750098 -.00000157  00000-0  00000-0 0  9997
2 40269   4.6321 105.1345 0021137   2.9639  19.2591  1.00272016 35218
1 40271U 14062A   24153.60681265 -.00000147  00000-0  00000+0 0  9998
2 40271   0.0098 354.1269 0001544 351.7882  28.0605  1.00272615 35295
1 40272U 14062B   24153.68254572 -.00000256  00000-0  00000+0 0  9995
2 40272   0.0247  33.8125 0001574  24.7576   5.9846  1.00271822 35418
1 40277U 14064A   24153.56467733  .00000101  00000-0  00000-0 0  9993
2 40277   0.0179 303.0217 0000639 184.9139  18.8896  1.00273094 34102
1 40332U 14078A   24153.88083418  .00000089  00000-0  00000+0 0  9993
2 40332   0.0116 149.9418 0007420 291.0691 182.0012  1.00270446 34789
1 40333U 14078B   24153.81924562 -.00000121  00000-0  00000+0 0  9999
2 40333   0.0106 308.6589 0000103 237.3301 260.4883  1.00269706 34777
1 40345U 14082A   24153.86924448 -.00000225  00000-0  00000+0 0  9990
2 40345   0.0187 347.0399 0001278 128.4491 178.2178  1.00273933 34937
1 40364U 14089A   24153.55971703  .00000153  00000-0  00000-0 0  9990
2 40364   0.0666  50.5886 0005013  10.1634  59.4702  1.00272695 34492
1 40367U 14090A   24153.81090906 -.00000299  00000-0  00000+0 0  9992
2 40367   3.7523  81.7093 0002845 113.5234  87.0984  1.00276454 34561
1 40369U 14090C   24152.80182975 -.00000017  00000-0  00000-0 0  9999
2 40369   5.6650  77.6051 0044013 150.4734 209.5902  0.99582421 34204
1 40374U 15002A   24153.40792089 -.00000125  00000-0  00000-0 0  9999
2 40374   3.2209  34.9073 0053706 177.1362 169.7224  1.00272499 34103
1 40384U 15005A   24153.82479994 -.00000282  00000-0  00000+0 0  9999
2 40384   0.0189 342.3501 0000192 173.5427 336.8284  1.00268789 34202
1 40424U 15010A   24153.69668088 -.00000023  00000-0  00000+0 0  9992
2 40424   0.0138  63.8188 0000958 324.7065 109.9462  1.00270782 33892
1 40425U 15010B   24152.95881149 -.00000021  00000-0  00000-0 0  9995
2 40425   0.0050 155.7379 0000117 306.1585  18.3020  1.00270069 33911
1 40505U 15012A   24153.56206663  .00000154  00000-0  00000-0 0  9992
2 40505   0.0074 324.6159 0003001 104.8239  63.4267  1.00269147 33530
1 40547U 15018A   24152.71770164 -.00000297  00000-0  00000-0 0  9991
2 40547  27.5191 252.9952 0022753 189.5071 177.5535  1.00276624 33503
1 40549U 15019A   24153.80244302 -.00000176  00000-0  00000+0 0  9990
2 40549  50.6028 304.3713 0038139 191.9724 134.8489  1.00252837 33598
1 40613U 15022A   24153.55388653 -.00000005  00000-0  00000-0 0  9998
2 40613   0.0434 127.2045 0002559 303.0642  18.9975  1.00271430 33336
1 40617U 15023A   24153.87863722  .00000108  00000-0  00000+0 0  9995
2 40617   0.0194  58.0649 0001887  13.6101 187.4859  1.00269419 33350
1 40663U 15026A   24153.67683972 -.00000099  00000-0  00000+0 0  9994
2 40663   0.0534  99.2676 0000438  81.1013 211.0740  1.00274659 33062
1 40664U 15026B   24153.84347885 -.00000231  00000-0  00000+0 0  9992
2 40664   0.0027   2.1728 0002323  94.9440  18.5687  1.00272283 33063
1 40732U 15034A   24153.79285562  .00000066  00000-0  00000+0 0  9999
2 40732   1.3499  68.7186 0001594 158.4877 318.2279  1.00274237 32530
1 40733U 15034B   24153.33239459 -.00000261  00000-0  00000-0 0  9993
2 40733   0.0302  28.3357 0002565  35.7674 235.8511  1.00269739 32548
1 40746U 15036A   24153.66047946  .00000021  00000-0  00000+0 0  9995
2 40746   0.0050 356.7134 0000237  94.9083 211.7642  1.00268865 32398
1 40874U 15039A   24153.82479994 -.00000282  00000-0  00000+0 0  9990
2 40874   0.0231   4.9681 0000530 347.1443 140.1070  1.00271799 32142
1 40875U 15039B   24153.55240713 -.00000062  00000-0  00000-0 0  9993
2 40875   0.0651 359.3388 0003751  67.0934  14.9537  1.00272046 32176
1 40880U 15041A   24153.56230146 -.00000156  00000-0  00000-0 0  9996
2 40880   0.0175 280.0681 0002681 170.7417  84.6414  1.00270547 32125
1 40882U 15042A   24153.66134969  .00000053  00000-0  00000+0 0  9990
2 40882   0.0187 342.3687 0000321 242.6537  83.2690  1.00269748 32086
1 40887U 15044A   24153.56911546 -.00000090  00000-0  00000-0 0  9993
2 40887   3.0874  31.8124 0058108   1.6046 137.0106  1.00271516 32083
1 40892U 15046A   24153.57896574 -.00000153  00000-0  00000-0 0  9995
2 40892   0.0206 296.4144 0002655 147.6153 169.8920  1.00269542 32085
1 40895U 15048A   24153.40818196 -.00000108  00000-0  00000-0 0  9996
2 40895   0.0147 291.7559 0000131  90.3333   1.2377  1.00271308 31864
1 40924U 85102G   24153.56372007  .00000096  00000-0  00000+0 0  9994
2 40924  10.9516 323.7643 0028785 116.1970  61.3698  1.00271714 59949
1 40938U 15053A   24153.28680260 -.00000172  00000-0  00000-0 0  9996
2 40938  50.3826 267.5911 0052306 189.2972 352.6556  1.00265595 31879
1 40940U 15054A   24152.79475803 -.00000275  00000-0  00000-0 0  9994
2 40940   0.0171 309.6744 0001807 120.2017 246.2614  1.00270509 31777
1 40941U 15054B   24153.38693229 -.00000221  00000-0  00000-0 0  9996
2 40941   0.0248  38.6474 0002040  23.3687 246.6280  1.00271875 31835
1 40946U 15056A   24153.54910390 -.00000044  00000-0  00000-0 0  9995
2 40946   3.0325 351.7968 0000635 351.6614 351.6412  1.00272261 31802
1 40982U 15059A   24153.63798150 -.00000262  00000-0  00000-0 0  9998
2 40982   0.0251 288.5734 0001482 251.1090  82.5915  1.00272754 31645
1 40984U 15060A   24153.87644112  .00000119  00000-0  00000+0 0  9995
2 40984   0.0481  99.6494 0002882 339.4852 177.1767  1.00271498 31614
1 41021U 15063A   24153.54563238 -.00000321  00000-0  00000-0 0  9991
2 41021   0.0150 275.4680 0003595 160.5269 114.3735  1.00273004 31521
1 41028U 15065A   24153.55118972 -.00000254  00000-0  00000-0 0  9997
2 41028   0.0581 102.5068 0003625 333.3943 106.5430  1.00270559 31335
1 41029U 15065B   24153.85665132  .00000149  00000-0  00000+0 0  9997
2 41029   0.0306 218.0224 0002832 352.9317  14.2522  1.00272851 31434
1 41034U 15067A   24153.59563448 -.00000340  00000-0  00000-0 0  9998
2 41034   0.0013 136.0536 0002573 263.9156 193.5331  1.00270393 31386
1 41036U 15068A   24153.69424425 -.00000115  00000-0  00000+0 0  9992
2 41036   0.0200 315.3134 0002277 111.5111  58.7704  1.00273110 31254
1 41103U 15073A   24153.35806859 -.00000051  00000-0  00000-0 0  9991
2 41103   5.2026  77.5384 0003445 141.8956 253.9619  0.99164462 31156
1 41105U 15074A   24153.17549420 -.00000112  00000-0  00000-0 0  9990
2 41105   4.8019  79.6564 0000518 178.4045  40.8062  1.00271469 31021
1 41121U 15075A   24152.71152303 -.00000135  00000-0  00000-0 0  9993
2 41121   0.0777 104.1112 0003623 320.1162 161.8635  1.00271327 31042
1 41191U 15082A   24153.56128344  .00000159  00000-0  00000-0 0  9995
2 41191   0.0193  53.7918 0002740  14.1168  60.7748  1.00272342 30790
1 41194U 15083A   24153.54563238 -.00000332  00000-0  00000-0 0  9996
2 41194   0.0100   7.4180 0003102 181.0701   4.1419  1.00273606 31059
1 41238U 16001A   24153.19216115  .00000109  00000-0  00000-0 0  9997
2 41238   0.0442  59.3497 0001806 130.2924 181.2223  1.00274385 30757
1 41241U 16003A   24152.68942579 -.00000297  00000-0  00000-0 0  9995
2 41241  31.5965  73.7268 0017444 182.8290 352.9927  1.00267716 30590
1 41308U 16004A   24153.63779262 -.00000197  00000-0  00000-0 0  9992
2 41308   4.6184  79.2499 0008049  10.0838 172.9967  1.00612109 30770
1 41310U 16005A   24153.10327146  .00000065  00000-0  00000-0 0  9991
2 41310   0.0520  71.0275 0001519 335.5016 249.7175  1.00269765 30632
1 41380U 16013A   24152.43083931 -.00000342  00000-0  00000-0 0  9992
2 41380   0.0148 311.0753 0002365 127.3248  74.4116  1.00270045 29951
1 41382U 16014A   24153.54118120 -.00000272  00000-0  00000-0 0  9999
2 41382   0.0793  51.5484 0002055  21.9687 306.6221  1.00269675 30066
1 41384U 16015A   24153.86184101  .00000165  00000-0  00000+0 0  9998
2 41384   3.5360 118.2770 0017735 185.8465 289.4320  1.00268513 30181
1 41434U 16021A   24152.72920508 -.00000185  00000-0  00000-0 0  9998
2 41434  59.1531  45.5138 0047772 223.2980 339.4416  1.00273620 29991
1 41469U 16027A   24153.57985845 -.00000329  00000-0  00000-0 0  9991
2 41469   3.4070 119.5568 0005779 326.6473 142.6069  1.00275877 29707
1 41471U 16028A   24153.24632681 -.00000162  00000-0  00000-0 0  9991
2 41471   0.0124  37.8248 0001070  89.0906   5.9682  1.00269591 29642
1 41552U 16031A   24153.86993890 -.00000118  00000-0  00000+0 0  9995
2 41552   0.0740  51.9667 0003185   9.2516 221.3296  1.00271505 29304
1 41581U 16035A   24152.88104936 -.00000147  00000-0  00000+0 0  9999
2 41581   0.0387 135.8517 0001359  45.9676 290.1558  1.00270304 29204
1 41586U 16037A   24153.74354895 -.00000350  00000-0  00000+0 0  9999
2 41586   1.8707  69.4968 0009532   5.8537 193.5644  1.00268597 29302
1 41588U 16038A   24151.98868874 -.00000080  00000-0  00000-0 0  9994
2 41588   0.0144 345.5758 0001405  24.2017 309.8477  1.00269008 29218
1 41589U 16038B   24151.02615691 -.00000007  00000-0  00000-0 0  9996
2 41589   0.0120 148.2510 0000296 190.4635 161.7436  1.00273166 29171
1 41591U 16039A   24151.86663581 -.00000193  00000-0  00000-0 0  9999
2 41591   0.0205 315.3173 0002377 111.3410 284.6801  1.00271975 29116
1 41592U 16039B   24152.06230309 -.00000278  00000-0  00000-0 0  9995
2 41592   0.0166 332.3089 0001342  99.8624 137.9579  1.00269463 29139
1 41725U 16048A   24153.71730523 -.00000315  00000-0  00000+0 0  9990
2 41725   2.6167  29.1505 0004503  22.9272 198.1950  1.00267575 28782
1 41729U 16050A   24151.00631576 -.00000247  00000-0  00000-0 0  9990
2 41729   0.0155 311.5048 0002219 138.7207 304.0151  1.00270432 28564
1 41744U 16052A   24151.36729059 -.00000323  00000-0  00000+0 0  9996
2 41744   2.2724  86.7255 0000728 340.0126  88.4674  1.00145152 20632
1 41745U 16052B   24151.38075410 -.00000066  00000-0  00000+0 0  9998
2 41745   2.2469  86.7526 0009943 109.1224  89.1463  0.99948611 20420
1 41747U 16053A   24151.06298135 -.00000020  00000-0  00000-0 0  9998
2 41747   0.0142   9.4727 0001658   2.3758 327.3885  1.00269647 28445
1 41748U 16053B   24153.88524500  .00000053  00000-0  00000+0 0  9993
2 41748   0.0160  44.5032 0001764  32.8317 192.1901  1.00272224 28747
1 41752U 16054A   24153.56885440 -.00000073  00000-0  00000-0 0  9991
2 41752   0.1581  92.3862 0010314 179.6699 257.2574  1.00270724 28344
1 41793U 16060A   24149.41789051 -.00000070  00000-0  00000-0 0  9990
2 41793   0.0921  94.5027 0002519  20.7393 355.6422  1.00271277 28011
1 41794U 16060B   24151.39433795 -.00000241  00000-0  00000-0 0  9992
2 41794   0.0169 306.1213 0001695 123.2066 105.8330  1.00269744 28025
1 41836U 16064A   24153.60118888 -.00000272  00000-0  00000-0 0  9996
2 41836   0.0475 126.8245 0001192 357.6383 123.2745  1.00269655 27733
1 41838U 16065A   24153.56229837 -.00000044  00000-0  00000-0 0  9998
2 41838   3.8489  81.5884 0004720 345.7561 192.7698  1.00271016 27735
1 41866U 16071A   24152.75190032 -.00000244  00000-0  00000-0 0  9992
2 41866   0.0542 261.4685 0000381 176.8732   6.8749  1.00270492 27611
1 41869U 16072A   24153.58932110  .00000035  00000-0  00000-0 0  9996
2 41869   0.0370 285.3755 0030857 222.7725 131.3478  1.00273124 27832
1 41879U 16075A   24153.23521604 -.00000199  00000-0  00000-0 0  9996
2 41879   0.0126 102.3309 0000809  55.2976 327.0430  1.00271286 27341
1 41882U 16077A   24152.78422829 -.00000201  00000-0  00000-0 0  9994
2 41882   0.4175  85.2366 0007609 341.4752 192.3805  1.00279412 27441
1 41893U 16079A   24151.03007293 -.00000134  00000-0  00000-0 0  9994
2 41893   0.0175 341.5181 0001452  89.3302  90.9179  1.00270587 27217
1 41903U 16082A   24151.50074199 -.00000347  00000-0  00000+0 0  9996
2 41903   0.0076 342.2065 0000679  92.1253 104.4923  1.00270860 27284
1 41904U 16082B   24152.98035337 -.00000207  00000-0  00000-0 0  9997
2 41904   0.0161  53.8713 0002499   5.2355  99.7607  1.00269985 27297
1 41911U 17001A   24150.39563292 -.00000002  00000-0  00000-0 0  9999
2 41911   0.5263  85.2548 0001188 225.8139 145.3127  1.00272196 27228
1 41937U 17004A   24153.46329925 -.00000142  00000-0  00000-0 0  9999
2 41937   1.4211 357.4833 0002012  72.2947 250.6413  1.00270847 27126
1 41942U 17006A   24152.97447554 -.00000241  00000-0  00000-0 0  9991
2 41942   0.0155 143.9426 0000840 283.1279 137.6915  1.00270180 26746
1 41944U 17007A   24153.59563448 -.00000359  00000-0  00000-0 0  9994
2 41944   0.0168 299.7782 0002249 126.8178 156.4065  1.00271071 26669
1 41945U 17007B   24151.28729855 -.00000265  00000-0  00000-0 0  9991
2 41945   0.0169  49.6885 0000209 326.8479 291.9905  1.00270772 26729
1 42070U 17014A   24150.88428910 -.00000052  00000-0  00000-0 0  9996
2 42070   0.0147 326.6293 0001891 101.5865  28.1209  1.00270053 26427
1 42075U 17016A   24152.97917477 -.00000094  00000-0  00000-0 0  9992
2 42075   0.0093 305.8533 0000145 283.2338   1.3235  1.00267173 26412
1 42432U 17017A   24151.39397284 -.00000268  00000-0  00000-0 0  9996
2 42432   0.0246  40.5729 0002647  29.7712 252.9686  1.00268426 26244
1 42662U 17018A   24152.40500678 -.00000349  00000-0  00000+0 0  9997
2 42662   0.0702  96.5721 0003007 151.7834 257.3339  1.00273876 26251
1 42691U 17023A   24152.00290184 -.00000359  00000-0  00000-0 0  9991
2 42691   0.0267 354.5243 0001383  26.6585 344.7368  1.00274689 25887
1 42692U 17023B   24152.51498206 -.00000246  00000-0  00000-0 0  9998
2 42692   0.0495  89.5386 0002397 353.5979 276.8942  1.00269582 25923
1 42695U 17024A   24152.35708708 -.00000282  00000-0  00000-0 0  9995
2 42695   0.0639 263.7684 0002277 151.7222  59.6669  1.00268493 25821
1 42698U 17025A   24151.17618955  .00000079  00000-0  00000-0 0  9995
2 42698   0.0175 337.2655 0000358 166.0197 224.8412  1.00270470 25776
1 42709U 17026A   24152.54355106  .00000063  00000-0  00000-0 0  9990
2 42709   0.0346  46.4857 0000339  31.5486 238.0206  1.00269351 26650
1 42740U 17029A   24152.39535925 -.00000261  00000-0  00000-0 0  9991
2 42740   0.0259  72.9255 0000095  51.1552 197.7201  1.00268336 25708
1 42741U 17029B   24152.27931531 -.00000003  00000-0  00000-0 0  9996
2 42741   0.0275 154.5232 0000177  32.7298 334.5710  1.00270233 26247
1 42747U 17031A   24153.87534105  .00000129  00000-0  00000+0 0  9995
2 42747   0.0892  94.2821 0006797 336.7789 182.7804  1.00272652 25667
1 42749U 17032A   24153.80396433  .00000067  00000-0  00000+0 0  9992
2 42749   2.5590 319.7192 0002250 107.1851 123.5524  1.00272726 25649
1 42763U 17035A   24153.57340858 -.00000219  00000-0  00000-0 0  9996
2 42763   3.0602  84.4879 0005587 324.3318 205.8316  0.99793106 26214
1 42801U 17038A   24153.49146564  .00000015  00000-0  00000-0 0  9994
2 42801   0.0695  94.8893 0002611 336.5401 357.8308  1.00271472 25353
1 42814U 17040A   24153.56189260  .00000156  00000-0  00000-0 0  9995
2 42814   0.0613  16.2240 0005196  27.0618  88.5207  1.00269132 25338
1 42815U 17040B   24153.55118972 -.00000254  00000-0  00000-0 0  9997
2 42815   0.0948  96.1306 0001857 198.5744 247.7418  1.00271706 25315
1 42818U 17041A   24153.31855116 -.00000235  00000-0  00000-0 0  9992
2 42818   0.0139 335.4069 0001295  97.7125 257.3274  1.00266901 25334
1 42907U 17046A   24152.20354003  .00000140  00000-0  00000-0 0  9996
2 42907   0.0319  90.8031 0000329  21.7325 254.9304  1.00274480 24900
1 42915U 17047A   24153.40870410 -.00000101  00000-0  00000-0 0  9992
2 42915   3.6530 344.3249 0017532 112.8149 288.8916  1.00271444 24879
1 42917U 17048A   24153.58104869 -.00000345  00000-0  00000-0 0  9992
2 42917   0.0577 175.8914 0002106 261.1629 149.6934  1.00268499 24781
1 42934U 17053A   24151.35285196 -.00000278  00000-0  00000-0 0  9998
2 42934   0.0411  38.6955 0005448  18.9215 256.7578  1.00268882 24543
1 42942U 17057A   24153.58104869 -.00000356  00000-0  00000+0 0  9991
2 42942   0.0117 356.5088 0002717  78.3998 146.9165  1.00266286 24467
1 42950U 17059A   24153.40696365 -.00000137  00000-0  00000-0 0  9998
2 42950   0.0155  24.9061 0002468  55.0246 298.9478  1.00271177 24589
1 42951U 17059B   24153.62588906 -.00000347  00000-0  00000-0 0  9997
2 42951   0.0808  70.2135 0004165 350.5319 165.0090  1.00269874 24328
1 42967U 17063A   24153.46173284 -.00000085  00000-0  00000-0 0  9999
2 42967   0.0099 339.2056 0002275  65.0962 267.3955  1.00270755 24246
1 42984U 17067A   24153.57663861 -.00000355  00000-0  00000-0 0  9999
2 42984   0.0289  61.7426 0001243 348.6252 160.9119  1.00272149 24058
1 43039U 17078A   24153.47748395 -.00000182  00000-0  00000-0 0  9996
2 43039   0.0708 119.5265 0001390 308.8650 329.1686  1.00271908 23815
1 43087U 17086A   24152.85395056  .00000038  00000-0  00000-0 0  9990
2 43087   5.6957  75.7980 0016075 150.1169  49.1066  0.99375521 23310
1 43162U 18009A   24152.66391031  .00000129  00000-0  00000-0 0  9999
2 43162   2.3791 335.0815 0001778  97.1070 257.0695  1.00272011 23353
1 43174U 18012A   24151.61787854 -.00000152  00000-0  00000-0 0  9999
2 43174   0.0334 279.7168 0002069 169.6854   1.5201  1.00269330 23353
1 43175U 18012B   24151.92063318 -.00000275  00000-0  00000-0 0  9992
2 43175   0.0134 333.7473 0001045 104.6297  94.4652  1.00270820 23554
1 43226U 18022A   24153.67640462 -.00000087  00000-0  00000+0 0  9995
2 43226   0.0137  86.7145 0000467  16.7258 285.9902  1.00269613 22969
1 43228U 18023A   24152.19146406 -.00000213  00000-0  00000+0 0  9994
2 43228   0.0468  41.5830 0005911  19.2827 227.2397  1.00271326 23004
1 43271U 18033A   24153.58629812 -.00000089  00000-0  00000-0 0  9996
2 43271   0.0163  49.5488 0001138  39.6242 174.4416  1.00270451 22580
1 43272U 18033B   24152.73869068 -.00000230  00000-0  00000-0 0  9990
2 43272   0.0662 272.3454 0001290 168.2687  41.5524  1.00269935 22595
1 43286U 18035A   24148.90257771  .00000093  00000-0  00000+0 0  9998
2 43286  29.0647  85.9512 0018269 185.2051 354.7425  1.00275341 22547
1 43333U 88051G   24153.22159196 -.00000113  00000-0  00000+0 0  9993
2 43333  12.8927 335.3226 0061197 154.0600 206.2091  0.99540828 38265
1 43339U 18036A   24151.43348998 -.00000314  00000-0  00000+0 0  9999
2 43339   0.0113 307.6829 0000296 214.3895  16.5010  1.00268531 11240
1 43432U 18037A   24153.42757597 -.00000341  00000-0  00000-0 0  9995
2 43432   0.0281  93.8213 0000386  58.2114  20.3625  1.00274182 22493
1 43450U 18041A   24153.60118888 -.00000314  00000-0  00000-0 0  9994
2 43450   0.0090 344.3542 0000299 271.7869 344.8792  1.00269865 22347
1 43463U 18044A   24153.59563448 -.00000359  00000-0  00000-0 0  9994
2 43463   0.0140 334.1301 0001687 103.2256 146.7277  1.00270257 22230
1 43488U 18049A   24153.55118972 -.00000266  00000-0  00000-0 0  9997
2 43488   0.0363  60.5861 0000674 229.7009 253.6571  1.00268255 21947
1 43491U 18050A   24153.56989867 -.00000126  00000-0  00000-0 0  9998
2 43491   1.1032  87.3936 0001503  31.2066  56.4479  1.00270065 21967
1 43497U 18050C   24153.64052150 -.00000254  00000-0  00000+0 0  9990
2 43497   2.9445  86.6335 0086545 303.8845  54.9793  1.00081106 21820
1 43539U 18057A   24153.45951704 -.00000047  00000-0  00000-0 0  9997
2 43539  55.1402 169.5051 0075421 233.4735 124.5009  1.00257305 21654
1 43562U 18059A   24151.75262705 -.00000276  00000-0  00000+0 0  9995
2 43562   0.0390 153.3820 0002557 312.2926 351.0150  1.00269939 21670
1 43587U 18064A   24153.85188032 -.00000340  00000-0  00000+0 0  9993
2 43587   0.0185 309.5891 0001153 126.1395 229.7719  1.00270976 21399
1 43611U 18069A   24152.29356625 -.00000291  00000-0  00000-0 0  9994
2 43611   0.0175 351.5760 0002142  81.8194  59.5603  1.00269141 21147
1 43632U 18074A   24152.56091187  .00000140  00000-0  00000-0 0  9994
2 43632   0.0163 337.4876 0001405  85.6475  73.4382  1.00272028 20969
1 43633U 18074B   24152.85743625 -.00000027  00000-0  00000-0 0  9993
2 43633   0.0411 188.4393 0000414  88.9168  90.1808  1.00270358 20859
1 43645U 18050D   24153.34025477 -.00000071  00000-0  00000-0 0  9992
2 43645   2.9800  86.0307 0028994 269.2820  90.0759  1.00322618 21442
1 43651U 18079A   24153.54074609 -.00000273  00000-0  00000-0 0  9997
2 43651   1.6892 332.5727 0048764  12.3185  32.6441  1.00276450 20822
1 43683U 18085A   24153.58194699 -.00000274  00000-0  00000-0 0  9996
2 43683   2.1540 110.1767 0004203 352.3214 137.5219  1.00266914 20582
1 43698U 18089A   24153.50882663  .00000089  00000-0  00000-0 0  9996
2 43698   0.0250 263.5703 0002330 167.5699  57.5300  1.00268878 20312
1 43700U 18090A   24152.77208957  .00000147  00000-0  00000-0 0  9993
2 43700   0.0186 307.2338 0001677 156.3044  89.9760  1.00269291 20192
1 43823U 18100A   24153.79980047 -.00000340  00000-0  00000+0 0  9996
2 43823   0.0238  90.7292 0001681 344.2125 232.0094  1.00270302 20187
1 43824U 18100B   24153.56885440 -.00000073  00000-0  00000-0 0  9997
2 43824   0.0551 262.1391 0007710 177.7618  89.4220  1.00270976 20009
1 43864U 18105A   24153.88744973  .00000031  00000-0  00000+0 0  9998
2 43864   0.0294 250.0469 0002370 166.3752 216.6719  1.00270524 19980
1 43867U 18107A   24153.49645487 -.00000035  00000-0  00000-0 0  9996
2 43867   0.0442 110.8946 0000336 149.0145 239.2798  1.00273051 19958
1 43874U 18110A   24153.58853789  .00000005  00000-0  00000-0 0  9990
2 43874   0.6146  88.9550 0001413  44.2245 142.1898  1.00270038 19947
1 43920U 19001A   24153.60118888 -.00000333  00000-0  00000-0 0  9994
2 43920   0.0541 120.7774 0001735 121.3679 354.8674  1.00270191 46607
1 44034U 19007A   24152.51507459  .00000156  00000-0  00000-0 0  9994
2 44034   0.0708 123.6866 0005174  10.4742 339.7423  1.00270542 19876
1 44035U 19007B   24153.49210375  .00000128  00000-0  00000-0 0  9990
2 44035   0.0134 300.6916 0001454  18.9264 155.8877  1.00273165 19494
1 44048U 19009A   24152.78452157 -.00000232  00000-0  00000-0 0  9990
2 44048   0.0123  94.9801 0003947  15.2357 207.9772  1.00268428 19280
1 44065U 19009D   24153.52211049 -.00000053  00000-0  00000+0 0  9995
2 44065   4.6529  79.6611 0002218  79.8052 107.7647  0.99341320 19026
1 44067U 19012A   24153.79424331 -.00000331  00000-0  00000+0 0  9999
2 44067   0.0976  99.3013 0002950 309.9023 257.8985  1.00271208 19265
1 44071U 19014A   24152.56447205  .00000050  00000-0  00000-0 0  9993
2 44071   0.0128 347.5972 0000282 335.9888 189.4555  1.00269754 19148
1 44076U 19017A   24153.86993890 -.00000103  00000-0  00000+0 0  9990
2 44076   0.1520 268.3991 0003068 140.7179 231.9207  1.00272156 19137
1 44186U 19021A   24153.86104132  .00000157  00000-0  00000+0 0  9998
2 44186   0.0495 341.3631 0002234 127.6711 122.2569  1.00269367 18673
1 44204U 19023A   24152.64771215 -.00000240  00000-0  00000-0 0  9993
2 44204  57.6180  45.3963 0018749 210.2901 343.8521  1.00253856 18855
1 44231U 19027A   24153.59008028 -.00000244  00000-0  00000-0 0  9991
2 44231   1.9109  73.8356 0002617 154.5246  19.1533  1.00269048 18608
1 44307U 19031A   24153.56389411  .00000123  00000-0  00000-0 0  9990
2 44307   0.0158 345.7682 0002188  95.9302  60.8332  1.00272100 18448
1 44333U 19034A   24152.72233385 -.00000112  00000-0  00000-0 0  9996
2 44333   0.0197 307.0794 0001116   3.5685  98.2356  1.00273132 18148
1 44334U 19034B   24153.10882604  .00000052  00000-0  00000-0 0  9996
2 44334   0.0770 185.9896 0003290 227.0746 243.2084  1.00271499 18636
1 44337U 19035A   24153.68938757 -.00000048  00000-0  00000+0 0  9999
2 44337  55.1767 165.4037 0033319 209.8123 238.9124  1.00245420 18224
1 44457U 19048A   24152.69793618  .00000085  00000-0  00000-0 0  9992
2 44457   0.0423 126.9657 0000710 127.6533 258.3066  1.00273453 17740
1 44475U 19049A   24153.21839217  .00000158  00000-0  00000-0 0  9999
2 44475   0.0765 255.8234 0000808 150.8913 313.2955  1.00268995 17732
1 44476U 19049B   24151.41955748  .00000037  00000-0  00000-0 0  9994
2 44476   0.0179 334.0395 0000172 359.1888 128.1662  1.00269653 17649
1 44479U 19050A   24152.04980047  .00000112  00000-0  00000-0 0  9993
2 44479   0.0361  91.6910 0001636  11.5902 180.6695  1.00271253 17699
1 44481U 19051A   24153.87993653  .00000085  00000-0  00000+0 0  9994
2 44481   2.7444 307.6270 0045431   3.9722 310.6504  1.00276373 17780
1 44572U 87096G   24153.36529146 -.00000331  00000-0  00000-0 0  9991
2 44572  11.9125 331.4028 0015730 265.0512 275.7863  1.00460336 63494
1 44582U 94082G   24153.30525139  .00000089  00000-0  00000-0 0  9996
2 44582  14.6726 359.8585 0023962  86.8760 101.6293  1.00687196 38732
1 44624U 19067A   24153.55301628 -.00000039  00000-0  00000-0 0  9991
2 44624   0.0636   0.0363 0002896  69.7191  14.8565  1.00271234 16979
1 44625U 19067B   24152.30952167 -.00000198  00000-0  00000-0 0  9990
2 44625   0.0388 128.5680 0000828 279.1125 285.5698  1.00270435 84093
1 44637U 19070A   24153.55674410 -.00000167  00000-0  00000-0 0  9993
2 44637   0.0573 261.7877 0004500 123.8719 148.8674  1.00270006 17067
1 44709U 19073A   24152.78291946 -.00000214  00000-0  00000-0 0  9992
2 44709  56.0793 288.8986 0038493 180.9618 178.9701  1.00254516 16975
1 44800U 19080A   24153.34215875  .00000159  00000-0  00000-0 0  9999
2 44800   0.0530 358.8330 0001974  85.6512 324.4974  1.00269273 16576
1 44801U 19080B   24153.55632316  .00000078  00000-0  00000-0 0  9996
2 44801   0.0519  39.3168 0001980  45.8587  16.6169  1.00271182 16636
1 44868U 19091A   24152.78452157 -.00000198  00000-0  00000-0 0  9992
2 44868   0.0263 194.1554 0000303  40.2265  87.8009  1.00270692 16520
1 44903U 19095A   24153.56920250 -.00000094  00000-0  00000-0 0  9992
2 44903   0.0787 226.4288 0000703 197.4636 107.5854  1.00273388 16225
1 44910U 19097A   24153.63079635 -.00000064  00000-0  00000-0 0  9999
2 44910   3.0025  84.1015 0003307 356.3402 110.2085  1.00272553 16228
1 44978U 20002A   24149.25049350 -.00000335  00000-0  00000-0 0  9996
2 44978   0.5376  85.4992 0002284 201.1522 157.3595  1.00269791 16176
1 45026U 20005A   24148.71638007 -.00000156  00000-0  00000-0 0  9998
2 45026   0.0811  96.9029 0003823 348.9792 140.7784  1.00271747 15985
1 45027U 20005B   24153.10882604  .00000053  00000-0  00000-0 0  9997
2 45027   0.0638  96.7357 0000427  92.6373 107.0980  1.00271796 16844
1 45245U 20013A   24153.36650978 -.00000321  00000-0  00000-0 0  9992
2 45245   5.5996 349.8232 0002865  89.1669  79.2875  1.00270285 15758
1 45246U 20013B   24153.79980047 -.00000340  00000-0  00000+0 0  9993
2 45246   0.0244 220.1407 0000257  98.5654 348.2350  1.00272610 15774
1 45344U 20017A   24153.57007272 -.00000139  00000-0  00000-0 0  9999
2 45344   2.2976  29.0386 0001074  93.2446  53.4968  1.00272227 15785
1 45465U 20022B   24153.36677084 -.00000299  00000-0  00000-0 0  9997
2 45465   4.2608 298.6202 0042687   8.6161 212.8533  1.00267403 15535
1 45807U 20040A   24153.85188032 -.00000349  00000-0  00000+0 0  9996
2 45807   0.7525  40.3891 0004586 288.9613 338.5901  1.00264828 14612
1 45863U 20045A   24153.60118888 -.00000314  00000-0  00000-0 0  9991
2 45863   0.0644  92.5513 0002437  10.4539 137.9795  1.00271490 14386
1 45920U 20048A   24153.08452178 -.00000359  00000-0  00000-0 0  9992
2 45920   0.0146 300.6149 0001088 171.9179 284.1082  1.00266620 14157
1 45985U 20053A   24153.35859073 -.00000277  00000-0  00000-0 0  9993
2 45985   0.0170 311.5562 0000354 138.4815  25.8925  1.00272003 14175
1 45986U 20053B   24153.08317241 -.00000133  00000-0  00000-0 0  9991
2 45986   0.0069  47.6742 0002621 134.3279 178.0000  1.00272331 14155
1 46112U 20056A   24152.68822753 -.00000347  00000-0  00000-0 0  9997
2 46112   0.0793 115.5274 0003721 354.3926 137.3568  1.00270984 13902
1 46113U 20056B   24152.40902182 -.00000008  00000-0  00000-0 0  9997
2 46113   0.0168 354.8540 0001018  49.1188 351.6702  1.00268534 73140
1 46114U 20056C   24153.55466119  .00000041  00000-0  00000-0 0  9996
2 46114   0.0196 336.3691 0001951 101.5029 247.3287  1.00271251 13814
1 46610U 20071A   24153.58625846 -.00000359  00000-0  00000-0 0  9994
2 46610   0.5792  87.5383 0014249 275.5783 216.1613  1.00274931 13442
1 46916U 20082A   24153.58104869 -.00000353  00000-0  00000-0 0  9996
2 46916   2.3865 293.5233 0000857 191.7099  99.4411  1.00273109 13178
1 47202U 20089A   24153.55118972 -.00000232  00000-0  00000-0 0  9995
2 47202   0.0250  77.3369 0002910 346.8241 115.5702  1.00271944 12944
1 47240U 20096A   24149.45781331 -.00000196  00000-0  00000-0 0  9993
2 47240   0.0185  79.3613 0003407  57.6616 188.9421  1.00270133 12796
1 47256U 20099A   24151.58730042 -.00000161  00000-0  00000-0 0  9995
2 47256   0.1146  94.1170 0004512 190.2551 258.6580  1.00270285 12704
1 47306U 21001A   24153.13088913  .00000157  00000-0  00000-0 0  9995
2 47306   0.0360 103.2508 0000246  52.8012 172.0999  1.00270989 12488
1 47321U 21003A   24153.86993890 -.00000153  00000-0  00000+0 0  9999
2 47321   2.9050 312.1624 0002552 128.6461 204.7424  1.00270751 12498
1 47613U 21010A   24153.58958216  .00000046  00000-0  00000-0 0  9994
2 47613   0.3407  86.9513 0001848  53.1958 141.1548  1.00268343 12331
1 47851U 21019A   24152.79597635 -.00000245  00000-0  00000-0 0  9995
2 47851  18.1349 312.0317 0011440  10.6832   0.2480  1.00275534 16659
1 48618U 21042A   24152.69976365  .00000112  00000-0  00000-0 0  9995
2 48618   6.1725 325.6560 0001752 105.8690  90.9792  1.00272008 11278
1 48808U 21047A   24152.84841122 -.00000327  00000-0  00000-0 0  9999
2 48808   0.0657 306.5964 0005164 176.3260 177.0467  1.00272772 11093
1 48838U 21049A   24148.66443698 -.00000195  00000-0  00000-0 0  9998
2 48838   0.0229  33.5309 0004860   8.0565 358.1534  1.00271995 11073
1 49011U 21063A   24153.48575110  .00000111  00000-0  00000-0 0  9996
2 49011   0.3432 283.0772 0002188 162.0153 356.9922  1.00271480 10601
1 49055U 21069A   24153.33239487 -.00000261  00000-0  00000-0 0  9995
2 49055   0.0114 359.5746 0001712  98.0296 202.2727  1.00269033 10451
1 49056U 21069B   24153.87424396  .00000130  00000-0  00000+0 0  9993
2 49056   0.0579  82.5651 0002327 351.1180 179.5771  1.00272948 10446
1 49062U 21071A   24153.54563238 -.00000288  00000-0  00000-0 0  9992
2 49062   0.0077 272.1508 0002196 221.0490  51.7883  1.00269359 10567
1 49115U 21077A   24153.53430641 -.00000120  00000-0  00000-0 0  9992
2 49115   0.2718  85.3731 0000851  13.9025 244.0763  1.00269316  2096
1 49125U 21080A   24153.54563238 -.00000309  00000-0  00000-0 0  9996
2 49125   0.0191 325.2188 0001449 128.2259  94.9149  1.00268124 10179
1 49330U 21094A   24153.63457690 -.00000305  00000-0  00000-0 0  9999
2 49330   9.7831  45.3786 0080234  32.6651 177.4684  1.00320338  9783
1 49332U 21095A   24151.89491816 -.00000269  00000-0  00000+0 0  9994
2 49332   0.0118  23.1213 0001092  44.8597  75.9775  1.00269733 10343
1 49333U 21095B   24151.49216236  .00000139  00000-0  00000-0 0  9998
2 49333   0.0115 336.3519 0001359  82.3052  52.5149  1.00270558 10464
1 49382U 21094C   24153.24158935 -.00000151  00000-0  00000-0 0  9992
2 49382   9.8639  45.3894 0007359 177.8283  43.1184  0.99208972 10082
1 49505U 21114A   24153.60118888 -.00000333  00000-0  00000-0 0  9997
2 49505   0.0345 260.7545 0001184 302.0256  34.3589  1.00274301  9355
1 49817U 21118A   24153.54354959 -.00000042  00000-0  00000-0 0  9998
2 49817   0.0356 111.1223 0000557 292.5617 290.8533  1.00272010  9085
1 49818U 21118B   24153.53317512 -.00000024  00000-0  00000-0 0  9992
2 49818   2.2358  88.3390 0004906  45.7600 202.9970  0.99871196  9158
1 50001U 21123A   24152.90310728 -.00000239  00000-0  00000-0 0  9994
2 50001   0.0156 311.7841 0000355 350.3762  57.8396  1.00272472  9062
1 50002U 21123B   24153.01945223 -.00000319  00000-0  00000-0 0  9991
2 50002   0.0117 325.5286 0000235  78.1406 316.3360  1.00273179  9040
1 50005U 21124A   24153.56229837 -.00000011  00000-0  00000-0 0  9990
2 50005   0.7114 274.1310 0001437 127.3317 222.4637  1.00270796  9133
1 50212U 21126A   24153.56250175  .00000149  00000-0  00000-0 0  9992
2 50212   0.0651 348.8867 0003976   9.1048 137.0607  1.00271622  8828
1 50214U 21118D   24153.32361687  .00000031  00000-0  00000-0 0  9990
2 50214   2.3742  87.0465 0013596  29.7003 329.9975  0.99324981  9016
1 50319U 21128A   24151.58730042 -.00000168  00000-0  00000-0 0  9990
2 50319   0.0123 310.1961 0000084 142.1849  91.3780  1.00269393  8760
1 50321U 21129A   24153.63630149 -.00000358  00000-0  00000-0 0  9990
2 50321   1.7452  91.1802 0001190  57.6366  84.8739  1.00461457  9025
1 50322U 21129B   24153.63798080 -.00000289  00000-0  00000-0 0  9993
2 50322   1.7441  91.1844 0000999 195.7023 335.0879  1.00102734  9026
1 50574U 21135A   24153.60454505 -.00000295  00000-0  00000-0 0  9994
2 50574   0.0304  48.2028 0004377 358.6705 198.5622  1.00270167  8969
1 51281U 22006B   24127.85367294 -.00000160  00000-0  00000+0 0  9994
2 51281   0.2249  83.3121 0009496 339.5200 197.5585  1.00043701  8390
1 51850U 22021A   24153.49788995  .00000100  00000-0  00000-0 0  9991
2 51850   0.0300 107.4382 0000404 307.7533 237.5090  1.00271832  8294
1 52255U 22038A   24152.95838636 -.00000350  00000-0  00000-0 0  9995
2 52255   0.0303 278.2816 0000592  64.3446  17.3751  1.00274701  7940
1 52817U 22061A   24153.55266819 -.00000054  00000-0  00000-0 0  9991
2 52817   0.0480   7.9329 0004898  41.3451  33.2000  1.00270455  7261
1 52903U 22067A   24152.94077198 -.00000162  00000-0  00000-0 0  9995
2 52903   0.0563 264.5568 0008345 182.4387 224.6045  1.00272072  7128
1 52904U 22067B   24153.17341203 -.00000237  00000-0  00000-0 0  9996
2 52904   0.0316 323.8426 0001271  55.8336  24.3609  1.00267800  7163
1 52933U 22071A   24152.77137163  .00000107  00000-0  00000+0 0  9990
2 52933   0.0442 278.6513 0000162 141.7367 329.8335  1.00196732  7081
1 52940U 22073A   24153.80535465 -.00000358  00000-0  00000+0 0  9991
2 52940   1.7869  88.3915 0001132 273.9514 297.6087  1.00266642  6894
1 53100U 22078A   24153.05173742  .00000075  00000-0  00000+0 0  9993
2 53100   1.2675 278.7979 0002511 147.6212 212.8118  1.00273398  7073
1 53355U 22092A   24153.29550486 -.00000293  00000-0  00000-0 0  9995
2 53355   4.6067 311.1481 0003138 102.6291  81.8781  1.00270642  6754
1 53765U 22110A   24151.41716000  .00000021  00000-0  00000-0 0  9997
2 53765   0.0560 103.5061 0003039 303.6257 354.1551  1.00270914  6291
1 53813U 22112A   24153.70257708 -.00000145  00000-0  00000+0 0  9999
2 53813   0.0144  17.0406 0001620  47.9184 160.0433  1.00270006  6369
1 53960U 22123A   24152.37701630 -.00000097  00000-0  00000-0 0  9991
2 53960   0.0375 116.0565 0002019 330.6213 195.3010  1.00268634  6054
1 53961U 22123B   24152.03383020  .00000073  00000-0  00000-0 0  9997
2 53961   0.0213  23.3585 0001260  23.8156  83.0244  1.00272241  6064
1 54026U 22128A   24153.56021572  .00000083  00000-0  00000+0 0  9995
2 54026   0.0188 323.7631 0001780 108.1828 247.2516  1.00271252  6277
1 54027U 22128B   24153.55466119  .00000062  00000-0  00000-0 0  9993
2 54027   0.0175 348.3205 0001378  82.8761 250.0707  1.00269868  6433
1 54033U 22131A   24152.55698809  .00000139  00000-0  00000+0 0  9990
2 54033   0.0365 131.0160 0002043 357.6880 344.3415  1.00271624  5999
1 54048U 22134A   24153.19885740  .00000090  00000-0  00000+0 0  9998
2 54048   0.0583 292.9274 0001823  69.7639 332.0741  1.00270694  5967
1 54219U 22144A   24153.53952778 -.00000211  00000-0  00000-0 0  9990
2 54219   3.7849  65.1564 0004877 111.3218 194.6835  0.99869559  4329
1 54225U 22146A   24149.04786834  .00000096  00000-0  00000-0 0  9998
2 54225   0.0513 250.7169 0002119 280.9331 104.6934  1.00271462  5700
1 54230U 22148A   24153.71576943 -.00000076  00000-0  00000+0 0  9991
2 54230   0.0254  79.2298 0003955 166.0079  66.5166  1.00271632  5899
1 54243U 22153A   24153.55466119  .00000017  00000-0  00000-0 0  9991
2 54243   0.0156 331.3155 0001123 101.3403 256.5386  1.00270308  5654
1 54244U 22153B   24153.46451757 -.00000170  00000-0  00000-0 0  9995
2 54244   0.0110   5.0912 0002316  33.9744 287.5870  1.00271480  5669
1 54259U 22157A   24153.13313168  .00000071  00000-0  00000-0 0  9991
2 54259   0.0603 102.6516 0000529  90.4466 114.9216  1.00264939  5544
1 54741U 22170A   24153.46408247 -.00000158  00000-0  00000-0 0  9998
2 54741   0.0178 331.6376 0001495 116.2722 236.4860  1.00269938  5415
1 54742U 22170B   24153.46486565 -.00000181  00000-0  00000-0 0  9994
2 54742   0.0407 130.2293 0002810 317.4153 241.1366  1.00271246  5292
1 54743U 22170C   24153.55406056 -.00000005  00000-0  00000-0 0  9997
2 54743   0.4876  37.9226 0001692  37.8475  13.6839  1.00270238  5504
1 55000U 13058D   24150.77803476 -.00000214  00000-0  00000-0 0  9999
2 55000   4.0212  81.3039 0024187  15.9722 343.8513  1.00456083 15597
1 55131U 23002A   24153.56424220  .00000132  00000-0  00000-0 0  9998
2 55131   1.7933  87.9511 0001569 348.7077  68.0322  1.00070435  5037
1 55138U 22144E   24140.82499987  .00000137  00000-0  00000-0 0  9993
2 55138   3.7231  65.9710 0004937  54.7839 108.2179  0.99551410  4171
1 55180U 23002C   24153.54326976 -.00000222  00000-0  00000-0 0  9990
2 55180   1.8054  88.0417 0002331 300.1211   3.4348  0.99359540  4992
1 55246U 22144G   24153.38126899 -.00000020  00000-0  00000-0 0  9999
2 55246   3.5514  67.8272 0009262 309.8519 279.1174  0.99051415  4276
1 55247U 22144H   24152.38551785 -.00000027  00000-0  00000-0 0  9992
2 55247   3.5486  67.8093 0008707 323.3459 267.6925  0.99048583  4316
1 55263U 23008A   24151.31369019  .00000143  00000-0  00000+0 0  9996
2 55263   0.0177 329.7289 0000405 318.0228  97.6253  1.00271555  5026
1 55264U 23008B   24153.41854899 -.00000047  00000-0  00000-0 0  9990
2 55264   1.2053  87.8229 0001357  69.8814 229.3171  1.00609782  4331
1 55506U 23016A   24152.84538045 -.00000055  00000-0  00000-0 0  9995
2 55506   0.0728 101.9365 0000736 136.9995 121.0600  1.00270797  4842
1 55508U 23017A   24151.81090883 -.00000279  00000-0  00000+0 0  9994
2 55508   0.0313 324.6049 0003221  61.7371  93.3949  1.00270571  4760
1 55686U 23023A   24153.72212788 -.00000350  00000-0  00000+0 0  9990
2 55686   0.0764  83.0366 0003261   0.1875 192.5837  1.00273931  4766
1 55841U 23031A   24153.55501780  .00000036  00000-0  00000-0 0  9997
2 55841   0.0483  82.0150 0001164 359.0925  13.9112  1.00273561  4478
1 55912U 23036A   24152.72448819 -.00000232  00000-0  00000-0 0  9991
2 55912   2.0566 305.4259 0003238 309.6189  42.0361  1.00266075  4606
1 55970U 23038A   24153.53361024 -.00000097  00000-0  00000-0 0  9998
2 55970   0.0168 297.0093 0000032 103.3886 299.1168  1.00271153  4625
1 55971U 23038B   24153.56021572  .00000092  00000-0  00000-0 0  9997
2 55971   0.0134  21.0083 0001505  47.8550 248.4257  1.00271390  4594
1 56174U 23052A   24153.38111998 -.00000170  00000-0  00000-0 0  9999
2 56174   0.0069  11.3171 0001456  99.8566 185.3841  1.00271194  4349
1 56370U 23060A   24151.89056705 -.00000182  00000-0  00000-0 0  9997
2 56370   0.0176 307.0503 0000661 356.2132 177.3231  1.00267698  3950
1 56371U 23060B   24153.86993890 -.00000113  00000-0  00000+0 0  9995
2 56371   0.8472  88.7800 0000042 274.7299 278.5257  1.00273024  3987
1 56372U 23060C   24153.64344885 -.00000220  00000-0  00000+0 0  9995
2 56372   0.7984  87.7936 0003500 284.2099 199.6827  1.00272280  3967
1 56564U 23066A   24153.57340858 -.00000109  00000-0  00000-0 0  9999
2 56564   2.1612 288.2116 0005354 197.0649 131.7480  1.00270438  3913
1 56757U 23075A   24153.85665111  .00000148  00000-0  00000+0 0  9997
2 56757   0.0742  24.6853 0004611 357.7645 202.7461  1.00270454  3662
1 56759U 23076A   24153.58104869 -.00000333  00000-0  00000-0 0  9996
2 56759   4.0372 266.5381 0003823  21.9857 300.6583  1.00265118  3630
1 57045U 23086A   24152.78452157 -.00000231  00000-0  00000-0 0  9990
2 57045   0.0336 328.3299 0003975  17.5363 332.3238  1.00271533  2277
1 57213U 23093A   24152.69567359  .00000004  00000-0  00000-0 0  9993
2 57213   0.0025 140.3736 0000888  78.0520 282.1820  1.00271348  3436
1 57214U 23093B   24152.12966212 -.00000051  00000-0  00000-0 0  9996
2 57214   0.0112 317.1007 0000363 203.5722 128.5652  1.00270199   454
1 57479U 23108A   24152.57138741 -.00000146  00000-0  00000-0 0  9998
2 57479   0.0184 328.0099 0001473  98.4461 293.5595  1.00269172  3150
1 57493U 23112A   24153.55466119  .00000052  00000-0  00000+0 0  9995
2 57493   0.0168  17.0090 0001953  55.5511 250.6389  1.00271236  3044
1 57624U 23120A   24153.64344885 -.00000173  00000-0  00000+0 0  9990
2 57624  15.7602 212.1054 0003116 193.8002 165.7454  1.00265052  3068
1 58204U 23169A   24153.56229837  .00000004  00000-0  00000-0 0  9991
2 58204   0.6105  88.7298 0001302 292.1839 244.8404  1.00270296  2066
1 58253U 23172A   24153.50550522 -.00000358  00000-0  00000-0 0  9994
2 58253   0.0225 283.9926 0003647 156.4707 107.4844  1.00273784  2184
1 58582U 23197A   24153.59181306 -.00000362  00000-0  00000-0 0  9990
2 58582   4.6336 307.7385 0018851 174.4658 104.6740  1.00274221  1847
1 58698U 24003A   24152.63593450  .00000055  00000-0  00000+0 0  9993
2 58698   0.0561 261.2848 0001407 302.4553 334.4800  1.00269598  1749
1 58990U 24033A   24153.55674410 -.00000161  00000-0  00000-0 0  9999
2 58990   0.1607  91.3750 0011664 358.4466  84.1322  1.00271589   818
1 58995U 24035A   24153.58625846 -.00000354  00000-0  00000-0 0  9992
2 58995   0.0173 301.7806 0001105 126.6648 146.1196  1.00271413  1114
1 59020U 24037A   24153.59572440 -.00000371  00000-0  00000-0 0  9995
2 59020   5.3562 321.3175 0004697 169.8329  94.1319  1.00273983  1107
1 59069U 24040A   24153.34215875  .00000159  00000-0  00000-0 0  9994
2 59069   0.0491 104.1558 0003000 296.0103   6.9785  1.00271391    57
